user_review,user_rating,response,user_sentiment,user_emotion,user_intention,COT_response_kor,basic_response_kor,zeroCOT_response_kor
어디서부터 시작해야 할지... 우리 숙박에 관한 모든 것이 끔찍했습니다. 호텔에 전화해서 예약을 하고 인원수를 말하며 방을 추천해달라고 요청했어요. 직원분이 퀸사이즈 2인실과 간이침대를 추천해주셔서 그렇게 예약했어요. 저는 유아와 세 명의 어린 자녀를 데리고 혼자 여행 중이었고 도착 당일 늦게 돌아올 것을 알고 있었기 때문에 체크인과 객실 준비를 위해 편도 40분을 운전해 도착했습니다. 체크인할 때 놀랍게도 호텔에는 간이 침대가 없어서 퀸사이즈 침대 2개 또는 킹사이즈 침대 1개와 간이 침대 1개가 있다는 안내를 받았습니다. 며칠 후 남편이 오는데 더 큰 방도 없고 간이 침대도 없어서 저희를 위한 침대가 충분하지 않아서 화가 났어요. 너무 실망했지만 우리는 ...,1,"시간을 내어 최근 호텔 이용 경험을 평가하고 검토해 주신 wafs1님께 감사드립니다. 머무시는 동안 여러 가지 불편을 겪으셨다니 유감스럽게 생각합니다. 소중한 고객이 안전하지 않거나 불편함을 느끼는 것은 저희의 의도가 아니며, 체크인 시 받으신 서비스와 예약 시 제공받은 잘못된 정보에 대해 사과드립니다. 원하시는 경우, 향후 다른 고객님들이 고객님과 같은 불편을 겪지 않도록 잘못된 정보를 제공받은 이유와 출처를 파악할 수 있도록 직접 연락을 주시면 감사하겠습니다. 고객님의 리뷰를 프론트 데스크와 예약팀 교육 자료로 활용하도록 하겠습니다. 또한, 고객님의 우려를 경청했으며 향후에는 특히 투숙 기간 동안과 같이 바쁜 시기에는 이러한 불편을 겪지 않도록 조식을 약간 변경할 예정이라는 점을 말씀드립니다. 시간을 내어 저희 호텔 이용 경험을 검토해 주셔서 다시 한 번 감사드리며, 더 나은 모습으로 다시 찾아 뵙기를 기대합니다.  제이슨 워드 총지배인",Negative,Anger,Complaint,"머무시는 동안 겪으신 어려움에 대해 진심으로 유감스럽게 생각합니다. 특히 세세한 부분까지 신경 써서 예약하신 후 이러한 상황이 고객님께 얼마나 실망스럽고 불편하셨을지 이해합니다. 저희는 고객님의 불만 사항을 매우 심각하게 받아들이고 있으며, 이러한 일이 재발하지 않도록 이 문제를 자세히 조사하고자 합니다. 이 문제를 바로잡을 수 있도록 직접 연락해 주시기 바랍니다.","저희 호텔에 머무시는 동안 겪으신 어려움과 불만에 대해 정말 유감스럽게 생각합니다. 특히 가족 숙박에 대한 구체적인 요구 사항을 고려할 때 상황이 고객의 기대나 요구 사항을 충족하지 못한 것이 분명합니다. 간이 침대 이용 가능 여부에 대한 잘못된 정보 전달과 이로 인한 불편을 초래한 점에 대해 유감스럽게 생각합니다.

저희는 모든 게스트가 편안하고 즐거운 숙박을 할 수 있도록 최선을 다하고 있으며, 고객님의 경우 저희의 노력이 부족했던 것 같습니다. 어린 자녀를 동반하고 혼자 여행하는 것이 얼마나 어려운 일인지 잘 알고 있으며, 고객님께 스트레스를 더 드리고 싶지 않습니다.

여러분의 피드백은 매우 소중하다는 점을 알아주시기 바랍니다. 특히 고객과의 소통과 정확한 정보 제공 측면에서 개선이 필요한 부분을 강조해 주셨습니다. 향후 유사한 상황이 발생하지 않도록 이러한 문제를 해결하기 위한 즉각적인 조치를 취하겠습니다.

불편과 불편을 겪은 점에 대해 개인적으로 사과드립니다. 문제를 바로잡을 수 있는 기회를 주시면 감사하겠습니다. 원하신다면 고객지원팀에 직접 연락해 주시면 고객님께서 겪으신 문제에 대해 적절한 보상 방법을 논의할 수 있도록 하겠습니다. 여기에는 부분 환불, 향후 무료 숙박 또는 보상에 도움이 될 수 있는 기타 조치가 포함될 수 있습니다.

이 문제를 알려주셔서 감사합니다. 저희 호텔에 대한 신뢰를 회복하고 고객님께서 기대하시는 수준 높은 서비스와 숙박 시설을 제공할 수 있는 기회가 되기를 바랍니다.

진심으로 사과드립니다,

[귀하의 이름]
[귀하의 직위]
호텔 이름] [호텔 이름
[연락처 정보]","소중한 고객님께,

무엇보다도 저희 호텔에 머무시는 동안 겪으신 일련의 불편과 실망에 대해 진심으로 사과드립니다. 저희는 고객의 기대뿐만 아니라 고객 만족에 대한 저희의 자체 기준에도 미치지 못했음을 분명히 인지하고 있습니다. 고객님께서 말씀하신 간이 침대 이용 가능 여부에 대한 잘못된 의사소통과 그에 따른 객실 조정과 관련된 상황은 매우 유감스럽게 생각합니다.

어린 자녀와 함께 여행하는 것이 얼마나 어려운 일인지 잘 알고 있으며, 약속한 숙소를 제공하지 못해 여행에 불필요한 스트레스를 더한 것 같습니다. 고객의 의견을 매우 진지하게 받아들이고 있으며, 향후 이러한 잘못된 의사소통이 발생하지 않도록 예약 및 프런트 데스크 팀과 함께 이 문제를 직접 해결했습니다.

회원님과 회원님의 가족을 위해 이 문제를 바로잡고 싶습니다. 연락처]로 직접 저에게 연락해 주시겠어요? 회원님의 경험을 보상할 수 있는 방법을 논의할 수 있는 기회를 주시면 감사하겠습니다. 향후 보다 수용적인 조건의 숙박이든 다른 형태의 보상이든, 저희는 고객의 신뢰를 회복하기 위해 최선을 다하고 있습니다.

이 문제를 알려주셔서 감사합니다. 회원님의 피드백은 서비스를 개선하고 모든 게스트가 쾌적하고 편안한 숙박을 보장하는 데 큰 도움이 됩니다. 더 나은 환경에서 다시 찾아뵐 수 있기를 바랍니다.

따뜻한 안부 전해주세요,

이름] [담당자
마케팅 매니저
호텔 이름] [호텔 이름]
[연락처 정보]"
객실 내에서 담배를 피운 적이 없는데도 청소비($250.00)가 부과되었습니다.  현재까지 597.64달러가 요금으로 청구되었습니다.  저희는 밖에서 화덕에서 담배를 피웠고 재떨이로 맥주 캔을 사용했습니다.  야외에 쓰레기통이 없어서 캔과 빈 팩을 객실 내 쓰레기통에 버렸습니다. 호텔 측에 전화해 해명을 요구했지만 듣지 않고 계속해서 카드에 많은 금액을 청구했습니다. 이 호텔을 추천하지 않겠습니다.,1,"산티 SC의 페어필드 호텔에 대한 솔직한 피드백을 공유해 주셔서 감사드리며, 여행 중 산티 SC를 다시 방문하실 때 다시 찾아 뵙기를 기대합니다. 페어필드 산티 팀",Negative,Anger,Complaint,"객실 내 흡연을 하지 않았는데도 청소비가 부과되는 등 부정적인 경험을 하신 점에 대해 진심으로 유감스럽게 생각합니다. 특히 설명하려는 시도가 인정되지 않았을 때 얼마나 실망스럽고 화가 났을지 이해합니다. 저희는 회원님의 불만 사항을 매우 심각하게 받아들이고 있으며, 만족스럽게 해결될 수 있도록 이 문제를 추가로 조사하고자 합니다. 이 문제를 신속하게 해결할 수 있도록 [연락처 정보]로 직접 연락해 주시기 바랍니다. 고객님의 피드백은 서비스 개선에 큰 도움이 되며, 저희 호텔에 대한 신뢰를 회복할 수 있는 기회가 되기를 바랍니다.","부정적인 경험을 하셨다니 유감입니다. 흡연 정책 및 그에 따른 요금 부과와 관련하여 오해가 있었던 것 같습니다. 호텔에 문의하셨을 때 만족스럽게 처리되지 못한 점은 유감입니다.

이런 상황에서는 모든 상황을 문서화하는 것이 중요합니다. 외부에서 흡연한 사진, 해당 시간대에 화덕에 있었다는 영수증이나 진술서, 흡연 장소에 대해 호텔 직원과 나눈 대화 등 회원님의 주장을 뒷받침할 수 있는 증거가 있다면 요금 청구에 대한 이의를 제기하는 데 도움이 될 수 있습니다.

특히 호텔 측에서 청소 요금을 정당화할 충분한 증거를 제공하지 않았다고 생각되는 경우, 신용카드 회사에 연락하여 요금 청구에 대해 이의를 제기하는 것도 고려해 볼 수 있습니다. 신용카드 회사는 고객과 판매자 간에 분쟁이 발생한 경우 종종 중재에 나설 수 있습니다.

또한, 여기에서와 같이 다양한 플랫폼에 상세한 후기를 남기면 잠재적인 미래의 게스트에게 자신의 경험을 알릴 수 있지만, 메시지를 진지하게 받아들이도록 가능한 한 사실적이고 차분한 표현을 사용하는 것이 좋습니다.

호텔이 대형 체인의 일부인 경우, 기업 고객 서비스에 문의하는 것이 호텔과 직접 거래하는 것보다 더 나은 결과를 얻을 수 있습니다. 대기업은 고객 서비스 전담 인력이 더 많은 경우가 많으므로 더 만족스러운 해결책을 제시할 수 있습니다.

이 문제에 대한 해결책을 찾으실 수 있기를 바라며, 이번 경험으로 인해 숙박에 불편을 드려 죄송합니다.","소중한 고객님께,

무엇보다도 청소비 및 그에 따른 카드 청구와 관련하여 고객님께서 겪으신 좌절감과 불편에 대해 진심으로 사과드립니다. 이번 사태로 인해 고객님께 큰 심려를 끼쳐드린 점, 진심으로 죄송합니다.

특히 밖에서 흡연을 하려고 노력했는데 객실 내 흡연으로 인해 부당하게 요금이 부과되었다고 느끼셨을 것으로 이해합니다. 실외 쓰레기통이 없는 상황에서 캔과 담뱃갑을 객실 쓰레기통에 버렸다고 설명하신 상황은 저희 측에서 면밀히 검토할 필요가 있습니다.

고객님의 피드백은 매우 중요하며, 저희는 실수가 있었을 수 있는 부분을 파악하고 바로잡기 위해 최선을 다하고 있습니다. 제가 직접 귀하의 사례를 검토하고 공정한 해결을 위해 귀하와 협력하고 싶습니다. [귀하의 연락처 정보]로 직접 연락해 주시겠어요? 귀하의 의견을 경청하고 필요한 조치를 취하여 우려 사항이 해결될 수 있도록 최선을 다하겠습니다.

고객의 성원에 감사드리며, 저희 호텔에 대한 고객의 신뢰를 회복할 수 있는 기회를 갖고자 합니다. 이 문제를 알려주셔서 감사드리며, 조만간 다시 연락드릴 수 있기를 기대하겠습니다.

따뜻한 안부 전해드립니다,

이름] [담당자
마케팅 관리자
[호텔 이름]"
"방은 넓고 좋았어요. 하지만 두 가지는 완전히 받아들일 수 없었습니다. 부킹닷컴을 통해 조식이 포함된 객실을 주문했는데, 호텔 측에서 조식은 성인 25달러, 어린이 15달러로 제한되어 있다는 안내를 받았습니다. 조식 단품 가격이 비싸서 기본적으로 25달러로는 주스+커피+계란/샌드위치도 먹을 수 없었습니다. 추가 비용을 지불해야 했습니다. 아이들에 대해서는 말할 것도 없습니다. 미리 알았더라면 호텔에 묵지 않았을 것이기 때문에 절대 용납 할 수 없다고 생각합니다. 두 번째는 침구가 더럽다는 것입니다. 안쪽의 담요가 갈색의 마른 조각으로 얼룩져 있었어요. 음식물이었기를 바랍니다.",1,"조지 티님께, 고객님의 후기를 읽고 라일에 머무시는 동안 이런 경험을 하셨다니 매우 실망스러웠습니다. 저희는 확실히 더 높은 서비스 기준을 가지고 있지만 이번 사례에서는 그 기준을 충족하지 못했습니다. 진심으로 사과드리며, 이번 일을 성장의 기회로 삼고 있다는 점을 알아주시기 바랍니다. 회원님의 피드백은 해당 부서장에게 전달되어 해결될 수 있도록 조치했습니다.   이번 기회에 다시 한 번 저희가 왜 지구에서 최고인지 보여드릴 수 있는 기회를 주셨으면 좋겠습니다. 문제가 있으시다면 irene.i@lyledc.com 으로 직접 연락해 주시면 처리해 드리겠습니다.   최선을 다하겠습니다, 아이린 인터리아노.  어시스턴트 프론트 오피스 매니저.",Negative,Disgust,Complaint,"게스트님께,

실망스러운 경험을 하신 점에 대해 진심으로 유감스럽게 생각하며, 특히 조식 요금 및 침구 상태와 관련하여 겪으신 문제에 대해 알게 되어 깊은 우려와 유감을 표합니다. 이러한 상황이 고객님에게 큰 영향을 미쳤을 수 있다는 점을 잘 알고 있습니다. 저희는 고객의 의견을 매우 진지하게 받아들이고 있으며 제기하신 문제를 즉시 조사하고 있습니다.

이러한 문제가 반복되지 않도록 관련 부서와 함께 문제를 해결하고 있으니 안심하시기 바랍니다. 또한 불편을 끼쳐드린 점에 대해 사과의 말씀을 드립니다. 고객 서비스 팀에 직접 연락해 주시겠어요? 저희는 고객에게 최고 품질의 서비스와 숙박 시설을 제공하기 위해 최선을 다하고 있으며, 이번 일을 계기로 저희 호텔에 대한 신뢰를 회복할 수 있기를 바랍니다.

진심으로 감사드립니다,
이름] [담당자
마케팅 매니저","게스트님께,

시간을 내어 최근 투숙에 대한 피드백을 공유해 주셔서 감사합니다. 공간과 편안함 측면에서 마음에 드는 객실을 찾으셨다니 기쁘게 생각합니다. 하지만 조식 준비와 침구 청결에 문제가 있었다는 점에 대해서는 정말 유감스럽게 생각합니다. 이러한 문제로 불편을 끼쳐 드린 점 진심으로 사과드립니다.

부킹닷컴을 통해 예약하신 조식 포함 상품과 관련하여, 조식 크레딧에 부과된 한도를 확인하신 후 실망하신 점 이해합니다. 저희는 게스트를 오도하려는 의도가 전혀 없으며, 예약 플랫폼에 제공되는 모든 정보가 명확하고 정확하게 제공되도록 노력하고 있습니다. 향후 오해가 발생하지 않도록 Booking.com의 숙소 세부 정보를 즉시 검토하고, 숙소와 긴밀히 협력하여 상품에 대한 모든 설명이 투명하고 완전한 정보를 제공할 수 있도록 노력하겠습니다.

침구류의 청결 상태와 관련하여, 이는 분명 일반적인 기준에 미치지 못합니다. 저희는 최고 수준의 청결과 위생을 유지하는 데 자부심을 가지고 있으며, 고객님께서 경험하신 것은 저희의 규범에서 명백히 벗어난 것입니다. 저희는 하우스키핑 팀과 함께 이 문제를 해결하여 모든 침구를 철저하게 검사하고 필요에 따라 교체한 후 객실에 비치하도록 하고 있습니다. 고객의 의견을 매우 진지하게 받아들이고 향후 이러한 사고가 발생하지 않도록 시정 조치를 시행하고 있으니 안심하시기 바랍니다.

여러분의 성원에 진심으로 감사드리며 신뢰를 되찾고 싶습니다. 이번 기회를 통해 개선하고 최상의 서비스를 제공하기 위한 노력을 보여드릴 수 있기를 바랍니다. 이번 일을 바로잡을 수 있는 방법을 논의하기 위해 언제든지 저희 경영진에게 직접 연락해 주시기 바랍니다.

다시 한 번 투숙 기간 동안 불편을 드린 점 사과드리며, 더 나은 환경에서 다시 찾아뵐 수 있기를 기대합니다.

따뜻한 안부 전해드립니다,

[귀하의 이름]
귀하의 직위] [직책]
호텔 이름] [호텔 이름
[연락처 정보]","게스트님께,

시간을 내어 최근 투숙에 대한 피드백을 공유해 주셔서 감사합니다. 객실 공간이 마음에 드셨다니 기쁘게 생각합니다. 하지만 조식 준비와 침구 청결에 문제가 있었다는 점에 대해서는 정말 유감스럽게 생각합니다. 이는 저희가 제공하고자 하는 서비스 표준이 아니며, 불만과 불쾌감을 느끼신 점 이해합니다.

말씀하신 조식 포함 여부와 관련하여 예약 과정에서 오해가 발생한 점에 대해 사과드립니다. 저희는 모든 서비스와 요금에 대해 게스트에게 투명하게 공개하기 위해 노력하고 있지만, 이번 사례에서는 부족한 점이 있었던 것 같습니다. 향후 이러한 실망스러운 일이 발생하지 않도록 타사 예약 사이트와의 커뮤니케이션을 검토하여 제공된 모든 정보가 명확하고 정확한지 확인하겠습니다.

청결 문제와 관련해서는 진심으로 사과드립니다. 고객님께서 말씀하신 상황은 절대 용납할 수 없는 일이며, 이러한 일이 재발하지 않도록 하우스키핑 팀과 함께 이 문제를 해결했습니다. 저희는 최고 수준의 청결과 쾌적함을 유지하는 데 자부심을 가지고 있지만, 이번 사례에서는 그렇지 못한 것이 분명합니다.

이번 일을 바로잡고 여러분의 신뢰를 되찾고 싶습니다. 원하신다면 편리한 시간에 고객 서비스 팀에 연락하여 불편을 겪으신 데 대한 적절한 보상 방법을 논의해 주시기 바랍니다. 회원님의 만족은 저희에게 매우 중요하며, 더 나은 상황에서 다시 찾아뵐 수 있는 기회를 갖기를 바랍니다.

따뜻한 안부 전해드립니다,
운영팀"
"저는 불만을 거의 제기하지 않는다는 말로 이 리뷰를 시작하고 싶습니다.  사실 지금까지 살면서 기업에 불만을 제기한 적이 한 번도 없었던 것 같습니다.  하지만 이번 일은 정말 용납할 수 없는 일이었습니다.  저는 일주일 반 전에 Ledges Resort and Marina에서 가족을 위해 예약을 했습니다.  전액 지불했습니다.  개 요금, 선착장 요금, 3박에 총 926달러에 보증금 300달러를 더해서 총 926달러를 지불했습니다!  그런데 여행 당일, 출발하기 몇 시간 전에 주인이 전화를 걸어와서 못 간다고 통보했어요.  그 오두막은 두 사람만 들어갈 수 있다는 거였어요.    저는 성인 2인용 원베드룸 캐빈을 예약했는데요.  저는 아이들을 성인으로 간주하지 않았고 예약할 때 웹사이트에 아이들을 포함할 수 있는 항목이 없었습니다.  저는 8살 아들과 8살 딸이 있습니다.",1,"가족을 모시지 못해 죄송합니다. 코티지에는 엄격한 숙박 인원 제한이 있습니다. 최대 2명까지 수용 가능한 가장 작은 코티지에서 2인용으로 온라인 예약을 하셨습니다. 도착 일주일 반 전에 게스트 등록 요청을 보냈습니다. 체크인 전날 최종적으로 정보를 보내주셨을 때 성인 2명, 어린이 2명, 70파운드의 아메리칸 불독 1마리로 예약 요청을 변경하셨습니다. 당사는 허용되는 최대 숙박 인원에 성인과 어린이를 구분하지 않습니다. 온라인 예약 시 당사가 보유한 유일한 정보는 고객님께서 보내주신 정보뿐입니다. 예약을 4인 및 반려견으로 변경하자마자 연락을 드려 예약하신 숙소에 숙박할 수 없음을 알려드렸습니다. 다른 더 큰 코티지로 변경할 수 있는 숙소가 있었다면 기꺼이 그렇게 해드렸을 것입니다. 하지만 저희에게는 다른 옵션이 없었습니다.",Negative,Anger,Complaint,"고객님, 정말 납득할 수 없는 상황으로 인해 실망과 좌절감을 느끼셨을 것을 이해합니다. 특히 불만을 거의 제기하지 않으시는 고객님께 이번 일로 인해 분노와 불편을 끼쳐 드려 진심으로 죄송합니다. 특히 여행을 떠나기 불과 몇 시간 전에 이런 일이 발생한 만큼 불만 사항을 매우 심각하게 받아들이고 있으며, 다시는 이런 일이 발생하지 않도록 문제를 조사하고 있습니다. 저희는 고객님의 의견을 소중히 여기며 향후 이러한 사고가 발생하지 않도록 서비스를 개선하기 위해 최선을 다하고 있습니다. 고객님께서 만족하실 만한 해결책을 논의할 수 있도록 직접 문의해 주시기 바랍니다. 진심으로, [이름] 님","렛지스 리조트 앤 마리나에서 실망스러운 경험을 하셨다니 정말 유감입니다. 특히 반려동물과 선착장 이용 등 가족을 위해 모든 비용을 지불하고 준비를 마친 상태에서 갑작스럽게 계획이 취소되어 얼마나 실망스럽고 속상하셨을지 충분히 이해할 수 있습니다.

숙소의 수용 인원과 어린이 관련 정책에 대해 상당한 오해가 있었거나 명확성이 부족했던 것 같습니다. 특히 숙박업에 종사하는 비즈니스는 이러한 불행한 상황을 방지하기 위해 예약 절차를 투명하게 공개하고 어린이를 포함한 게스트 수에 관한 모든 정책을 명확하게 전달하는 것이 중요합니다.

상황을 고려할 때, 리조트에서 가족 전체를 수용할 수 있는 대체 숙소를 찾아주거나 반려동물 및 편의시설에 대한 추가 요금을 포함해 전액 환불해주는 등의 해결책을 제시하는 것이 합리적입니다.

이후에는 리조트의 경영진이나 고객 서비스 팀에 직접 연락하여 우려와 실망감을 표현하는 것이 도움이 될 수 있습니다. 업체에서 상황을 인지한 후 기꺼이 시정하는 경우가 많습니다. 또한, 지금까지 해온 것처럼 후기를 통해 경험을 공유하면 다른 사람들에게 정보를 제공하고 업체로 하여금 서비스 및 커뮤니케이션을 개선하도록 유도할 수 있습니다.

이 문제에 대해 만족스러운 해결책을 찾으셔서 앞으로 온 가족이 원활하고 즐거운 여행을 즐기시길 바랍니다.","소중한 고객님께,

무엇보다 먼저 Ledges Resort & Marina 예약과 관련하여 실망과 불편을 겪으신 점에 대해 진심으로 사과드립니다. 리뷰를 통해 고객님께서 원하셨던 원활하고 즐거운 경험을 제공하지 못했음을 분명히 알 수 있었으며, 이에 대해 진심으로 죄송하다는 말씀을 드립니다.

가족과 함께하는 시간의 소중함과 계획된 여행에 대한 기대감을 이해하지만, 객실 수용 인원에 대한 오해로 인해 이러한 실망스러운 결과를 초래하게 되어 매우 유감스럽게 생각합니다. 델타항공은 명확한 의사소통의 중요성을 잘 알고 있으며, 예약 절차가 고객님과 같은 가족의 요구를 적절히 충족시키지 못했음을 인정합니다.

이를 해결하기 위해 모든 게스트가 자신의 숙박 요구 사항을 정확하게 전달할 수 있도록 예약 시스템을 검토하고 개선하기 위한 즉각적인 조치를 취하고 있습니다. 또한, 웹사이트에 객실 수용 인원과 제한 사항에 관한 정보를 보다 명확하게 제공하기 위해 최선을 다하고 있습니다.

재정적인 측면과 관련해서는 공정성과 투명성을 중요하게 생각합니다. 따라서 반려견 요금, 도크 요금, 보증금을 포함한 결제 금액의 전액 환불을 논의하기 위해 고객님께 직접 연락을 드릴 예정입니다. 또한, 문제를 바로잡고자 하는 저희의 선의와 노력의 표시로 향후 가족 규모에 맞는 숙박 할인을 제공해 드리고자 합니다.

조만간 고객 서비스 팀에서 이러한 문제에 대해 자세히 논의하고 렛지스 리조트 앤 마리나에 대한 신뢰를 회복할 수 있는 해결책을 찾기 위해 연락드리겠습니다. 저희에 대한 고객 여러분의 만족과 신뢰가 가장 중요하며, 다음번에도 최고의 경험을 선사하기 위해 최선을 다하고 있습니다.

다시 한 번 불편과 실망을 끼쳐 드린 점 사과드립니다. 향후 더 나은 서비스를 제공하는 데 도움이 되는 피드백을 소중하게 생각합니다.

따뜻한 안부 전해드립니다,
운영팀
렛지스 리조트 앤 마리나"
조지아주 티프턴에 있는 스프링힐 스위트를 방문하는 동안 좋은 경험과 좋지 않은 경험을 했습니다.  장점 주차는 훌륭했습니다. 로비 공간이 매우 좋았습니다. 등록할 때 담당 직원은 매우 친절하고 도움이 되었습니다. 방에 들어가자마자 멋진 레이아웃과 장식에 대해 언급했습니다. Wi-Fi는 쉽게 연결되었고 업그레이드를 통해 상당히 빠른 속도를 제공했습니다.  단점 에어컨에서 무작위로 소음이 발생했습니다.  시간이 지나면서 조금 줄어든 것 같기도 하고 익숙해진 것 같기도 했습니다. 욕실과 침대 배치가 가장 아쉽습니다.  밤에 누군가 일어나면 욕실에서 나오는 빛이 욕실 문에 있는 큰 유리 부분을 통해 비춰 침대에 있는 상대방을 깨울 수 있습니다. 세탁소에서 갓 나온 검은색 바지로 갈아 입은 후 ...,1,안녕하세요!  최근 티프턴의 스프링힐 스위트에 투숙하신 것과 관련하여 의견을 공유해 주셔서 감사합니다. 귀하의 방문이 호의적이지 않으셨다니 매우 유감입니다. 고객님의 피드백은 매우 소중하며 객실 및 욕실 레이아웃에 대한 의견은 시끄러운 에어컨에 대한 정보와 함께 브랜드 디자인 팀과 공유하겠습니다. 또한 투숙 중 바지에 보푸라기가 묻은 것에 대한 정보는 하우스키핑 감독관에게 전달하여 해결하도록 조치했습니다. 저희는 반려동물 친화적인 호텔이 아니기 때문에 객실 내 반려동물의 털이 없도록 철저히 관리하고 있습니다. 또한 조식에 대한 불만족에 대해서도 말씀드리고 싶었습니다. 메리어트는 최근 조식 기준을 업데이트하고 메뉴 항목을 변경했습니다. 다양한 옵션을 제공하고 있지만 고객님께서 만족하실 만한 메뉴를 찾지 못하신 것 같아 죄송합니다. 고객님의 의견을 조식 팀에 전달하여 메뉴를 수정할 수 있는 방법을 알아보겠습니다. 알려주셔서 감사합니다! 다시 한 번 이용에 불편을 드려 죄송합니다!  다시 티프턴을 방문하실 기회가 있으시면 다시 한 번 이용해 주시기 바랍니다!  헤더 스타초 스프링힐 스위트 부총지배인 heather.stacho@marriott.com 229-520-5135,Neutral,Surprise,Feedback,"게스트님께,

조지아주 티프턴에 위치한 스프링힐 스위트에서의 숙박에 대해 균형 잡힌 후기를 남겨주셔서 감사합니다. 숙박 과정에서 만족스러운 부분이 있었다는 말씀을 들으니 기쁘지만, 예상치 못한 문제가 발생하면 실망스러울 수 있다는 점도 이해합니다. 고객님의 피드백은 매우 소중하며, 고객 경험을 개선하기 위해 고객님의 의견을 적극 반영하도록 하겠습니다. 시간을 내어 의견을 공유해 주셔서 감사드리며, 앞으로 더 나은 서비스를 제공할 수 있는 기회가 되기를 바랍니다.

따뜻한 안부 전해주세요,
스프링힐 스위트 티프턴 팀","시간을 내어 조지아주 티프턴에 있는 스프링힐 스위트에서의 경험을 공유해 주셔서 감사합니다. 주차 시설, 로비 공간, 직원의 친절함과 도움, 객실 레이아웃과 장식, Wi-Fi 연결 및 속도 등 숙박 과정에서 만족스러운 점이 있었다고 하니 기쁘게 생각합니다. 고객 경험을 개선하기 위해 노력하는 저희에게는 여러분의 피드백이 매우 소중합니다.

특히 에어컨과 욕실 및 침대 디자인과 관련하여 숙박 중에 겪으신 문제에 대해 사과드립니다. 소음과 빛이 숙면에 방해가 될 수 있다는 점을 잘 알고 있으며, 불편을 끼쳐 드려 죄송합니다. 고객님의 의견을 유지보수 팀과 공유하여 에어컨 소음 문제를 해결하고, 디자인 팀과 공유하여 향후 리노베이션에 고객님의 의견을 반영하도록 하겠습니다.

검은색 바지와 관련된 문제와 관련하여 메시지를 완료하기 전에 메시지가 끊긴 것 같습니다. 객실 청결이나 기타 문제와 관련된 문제가 발생하신 경우 적절한 조치를 취할 수 있도록 자세한 내용을 알려주시면 감사하겠습니다.

저희는 고객에게 편안하고 즐거운 숙박을 제공하기 위해 최선을 다하고 있으며, 향후에도 더 나은 경험을 제공할 수 있도록 재방문을 고려해 주시기 바랍니다. 우려 사항을 해결하기 위해 더 도와드릴 수 있는 부분이 있거나 추가 피드백을 제공하고자 하는 경우 주저하지 마시고 직접 문의해 주시기 바랍니다.

검토해 주셔서 다시 한 번 감사드립니다. 조지아주 티프턴의 스프링힐 스위트로 다시 찾아뵙기를 기대하겠습니다.","게스트님께,

시간을 내어 조지아주 티프턴에 있는 스프링힐 스위트에서의 경험을 공유해 주셔서 감사합니다. 주차가 편리하고 로비 공간이 마음에 들었으며 직원들이 친절하고 도움이 되었다고 말씀해 주셔서 기쁘게 생각합니다. 또한 객실의 레이아웃과 장식, Wi-Fi 연결이 기대에 부응했다니 정말 다행입니다.

에어컨과 욕실 및 침대 레이아웃에 대한 피드백에 감사드립니다. 숙면이 게스트에게 얼마나 중요한지 잘 알고 있으며, 욕실 조명과 에어컨 소음으로 인해 불편을 드린 점에 대해 사과드립니다. 고객님의 의견을 유지보수 및 디자인 팀과 공유하여 가능한 개선 사항을 검토하고 있습니다.

이러한 문제에도 불구하고 즐거운 숙박이 되셨기를 바라며, 향후 더 나은 경험으로 다시 찾아뵐 수 있는 기회가 있기를 바랍니다.

따뜻한 안부 전해드립니다,
스프링힐 스위트 티프턴, 조지아 팀"
"모든 것이 낡은 오래된 집입니다.  가구와 장식품은 멋지고 집의 스타일과 잘 어울렸지만, 게스트에게 더 나은 숙박을 제공하기 위해 집을 더 잘 관리할 수 있었을 거예요.  저희는 서재에서 떨어진 방에 머물렀어요.  두 개의 전용 출입구와 욕조가 하나씩 있었어요.  욕실은 작고 비좁았어요.  세면대는 물이 제대로 빠지지 않아 아래쪽의 오버플로 구멍으로 말 그대로 바닥으로 물이 흘러내렸습니다.  수건은 낡아서 푹신하지도 않았고요.  지금쯤 기부했어야 할 수건이었어요.  방에는 침대에 있던 것 외에 여분의 담요가 없었습니다.  저는 일반적으로 호텔의 침대보/이불은 많은 사람이 앉고, 아이들이 뛰고, 바닥에 던져지기 때문에 사용하는 것을 좋아하지 않습니다....",2,"여관의 가구와 장식이 마음에 드셨다니 기쁘게 생각합니다.  저희는 사람들이 최신 체인 호텔 대신 여인숙을 선택하는 주된 이유 중 하나가 바로 역사적 무결성을 유지하기 위한 노력이라는 것을 잘 알고 있습니다.  안타깝게도 결과적으로 더 작은 욕실 크기와 때때로 협조적이지 않은 배관 등 타협을 해야만 했습니다.  세면대 관련 특정 문제에 대해서는 이러한 유형의 불만을 접수한 적이 없으며, 접수했다면 즉시 해결했을 것입니다. 말씀하신 욕실에 다시 들어가 보았지만 동일한 문제를 발견할 수 없었습니다.  저희의 모든 객실은 독특합니다.  객실의 크기, 모양, 욕실 크기를 비롯한 편의시설이 모두 다릅니다.  ""저는 큰 욕실이 매우 중요해요""와 같은 약간의 정보만 있으면 누구의 요구도 충족시킬 수 있는 객실을 찾을 수 있다고 생각합니다.  메인 인의 역사적인 측면보다 더 중요한 것이 있다면 훨씬 더 현대적으로 리모델링한 캐리지 하우스와 게스트 코티지도 있습니다.    수건의 품질이 마음에 들지 않으셨다면 유감이지만, 새 수건(숙박 당시 몇 주 밖에 되지 않았음)이므로 조만간 다시 제공하지 않을 예정이며, 사실 위의 다른 부정적인 리뷰에서 유일하게 긍정적인 내용 중 하나는 ""푹신한"" 수건이 좋았다는 것이었습니다.   조식과 관련해서는 안타깝게도 이 말을 너무 자주 해야 할 것 같습니다... 저희는 미식가 조식을 제공하지도 않고 그렇게 광고하지도 않습니다. 대중을 만족시키기 위해 만든 매우 접근하기 쉬운 3코스 식사입니다. 하루에 40명에게 같은 아침 식사를 제공할 때는 대다수의 사람들이 친숙하게 느낄 수 있는 메뉴를 선택하는 것이 중요합니다. 제가 알기로 스크램블 에그는 딱딱하지 않고 부드러워야 합니다. 식당에서 스크램블 에그를 요청하면 부드럽게 나오는데, 딱딱한 것(갈색)을 원한다면 그것은 일반적인 것이 아니므로 요청해야 합니다. 소시지가 마음에 들지 않으셨다면 죄송합니다. 너무 익은 것도 있고 덜 익은 것도 있어서 고객님이 원하시는 대로 제공하지 못한 것 같아서 사과드립니다.  청결도 2/5에 아무런 설명이 없었나요? 물건이 더러웠다는 불만은 없었습니다. 가치는 2/5? 제 기록에 따르면 120년째 120달러 스페셜로 숙박하셨더군요. 이맘때 애슈빌에서 120달러면 하워드 존슨 호텔에 묵을 수 있는데, 저희 호텔은 일반적인 박스 호텔보다 한 단계 업그레이드된 곳이라고 생각합니다. 아무런 설명 없이 3/5의 서비스를 제공하시나요?   저희는 고객이 체크인하기 전에 저희 호텔에 대해 잘 이해할 수 있도록 최대한 정확하게 홍보하려고 노력합니다. 저희는 평범한 부부가 운영하는 여관이 아닙니다. 저희는 애슈빌에서 두 번째로 큰 BnB보다 거의 두 배나 큰 규모입니다. 누군가의 집에 있는 듯한 불편한 느낌 없이 민박의 느낌과 개인적인 경험을 얻을 수 있는 좋은 장소입니다. 저희는 호텔과 민박의 경계를 넘나들며, 저희와 같은 경계에 있는 게스트들을 유치하여 민박의 장점과 호텔의 장점을 모두 누릴 수 있기를 바랍니다.",Negative,Disgust,Expressing Dissatisfaction,"실망스러운 경험을 하셨다니 정말 유감입니다. 특히 화장실 문제와 수건 상태에 대한 불만과 불쾌감을 이해합니다. 저희는 회원님의 의견을 진지하게 받아들이고 서비스 개선을 위해 이러한 문제를 해결하기 위해 최선을 다하고 있습니다. 고객의 편안함과 만족을 최우선으로 생각하며, 앞으로 더 나은 경험을 제공할 수 있는 기회를 갖도록 노력하겠습니다.","시간을 내어 역사적인 숙소에서의 최근 숙박에 대한 피드백을 공유해 주셔서 감사합니다. 숙소와 가구의 매력과 스타일에 대한 의견에 감사드리며, 저희는 숙소가 상징하는 시대의 진정성과 분위기를 유지하기 위해 노력하고 있습니다. 하지만 숙박의 특정 부분이 기대에 미치지 못했다니 진심으로 유감스럽게 생각합니다.

숙소의 유지 관리 및 유지 보수, 특히 욕실 시설에서 겪으신 문제에 대해 우려하신 점을 잘 알고 있습니다. 세면대 물이 제대로 빠지지 않는 문제는 확실히 저희의 기준에 부합하지 않으며, 이로 인해 불편을 끼쳐 드려 죄송합니다. 이 문제가 즉시 해결되고 시정될 수 있도록 유지보수 팀에 통보했습니다.

수건 및 침구류와 관련하여, 저희는 고객에게 편안하고 질 좋은 침구류를 제공하는 것이 중요하다는 점을 잘 알고 있습니다. 투숙 기간 동안 제공된 수건이 낡고 푹신하지 않은 것처럼 보였다면 사과드립니다. 더 이상 품질과 편안함에 대한 기준을 충족하지 못하는 침구류를 교체하기 위해 침구류 재고를 검토하는 중입니다.

또한 객실에 여분의 담요가 부족하다는 고객님 말씀에 주목하고 있습니다. 저희는 고객이 편안한 숙박을 위해 필요한 모든 것을 갖추기 위해 노력하고 있으며, 이 부분에서 부족했던 점에 대해 유감스럽게 생각합니다. 모든 객실에 여분의 담요와 기타 필수품이 충분히 비치되어 있는지 확인하는 것을 최우선 과제로 삼겠습니다.

고객 여러분의 피드백은 고객 경험을 개선할 수 있는 부분을 파악하는 데 도움이 되므로 매우 소중합니다. 이러한 문제에도 불구하고 역사적인 숙소에서 즐거운 시간을 보내셨기를 바랍니다. 향후에도 다시 방문해 주시면 더욱 특별한 숙박 경험을 제공해 드릴 수 있도록 최선을 다하겠습니다.

후기를 남겨주셔서 다시 한 번 감사드립니다.","게스트님께,

시간을 내어 경험을 공유해 주셔서 감사합니다. 숙박이 기대에 미치지 못하고 불만족스러운 경험을 하셨다니 정말 유감입니다. 저희는 편안하고 잘 관리된 환경이 게스트에게 얼마나 중요한지 잘 알고 있으며, 이를 제공하지 못한 점에 대해 사과드립니다.

가구 상태, 욕실 시설의 기능, 수건과 침구류의 품질에 대한 고객의 피드백을 매우 중요하게 생각합니다. 저희는 게스트의 쾌적한 숙박을 보장하기 위해 최선을 다하고 있지만, 이번 건은 분명 미흡한 점이 있었습니다. 향후 이러한 일이 발생하지 않도록 유지보수 및 하우스키핑 팀과 함께 이러한 문제를 해결하고 있으니 안심하시기 바랍니다.

문제를 바로잡을 수 있는 기회를 주셔서 감사드리며, 고객님께서 만족하실 만한 양질의 숙박을 제공할 수 있도록 다시 한 번 기회를 주시면 감사하겠습니다. 다음 숙박 시 더욱 편안하고 즐거운 숙박을 제공할 수 있는 방법을 논의할 수 있도록 [연락처 정보]로 직접 연락해 주시기 바랍니다.

피드백에 다시 한 번 감사드립니다. 여러분의 의견은 서비스와 시설을 개선하는 데 큰 도움이 됩니다.

따뜻한 안부 전해주세요,

이름] [담당자
마케팅 관리자"
"이곳에 머물렀던 다른 분들의 긍정적인 평가에 공감합니다.  안타깝게도 그들은 버스, 덤프트럭, 시끄러운 오토바이, 애슈빌의 자동차 절반이 다니는 4차선 '간선도로'인 빌트모어 애비뉴가 숙소 바로 앞을 지나간다는 사실을 언급하지 않았어요. 우리는 잠을 잘 수 없었고 매일 아침 식사가 제공되는 멋진 베란다를 즐길 수 없었습니다.  인근 머시 병원에 착륙하러 가는 길에 지붕 위로 몇 피트만 날아가는 헬리콥터는 특별한 즐거움이었어요.",2,"이 리뷰가 약간 혼란스러웠어요. 유일한 불만 사항은 거리 소음 때문인데, 숙소의 위치가 별 5개를 받은 것으로 표시되어 있습니다. 저도 동의합니다. 저희 위치는 훌륭합니다! 애슈빌의 모든 관심 지역까지 2마일도 채 걸리지 않습니다. 다운타운 1.2마일, 빌트모어 빌리지 0.3마일, 리버스 예술 지구 1.4마일, 쇼핑 지구 1.3마일, 빌트모어 에스테이트에서 불과 2등 거리에 있습니다. 도시의 편리함에는 도시의 소음도 따릅니다. 예, 애슈빌은 산 속에 있지만 여전히 도시입니다. 저희 웹사이트 어디에도 그렇게 오해하실 만한 내용은 없습니다.   이 나라에는 자연 속에서 고요함과 평화를 제공하는 훌륭한 베드 앤 브렉퍼스트가 많이 있지만, 저희는 4에이커에 달하는 대지에 자리한 도시 환경에서 고요함과 평화를 제공합니다.   이제 극도로 얕은 잠을 자는 것으로 보이는 이 특정 게스트에 대해 말씀드리겠습니다(이곳에 투숙한 수천 명의 게스트가 너무 시끄럽다고 언급하지 않은 것을 근거로 한 가정입니다). 이 문제에 대해 저희에게 연락한 적이 없다는 사실을 모두에게 알려드리겠습니다. 문제를 해결할 수 있는 기회를 주었다면 기꺼이 해결했을 것입니다. 경영진 교체 이후 어떤 후기에서도 게스트가 경영진에게 문제를 제기했지만 즉시 처리되지 않았다는 언급이 없습니다. 실제로 별 다섯 개짜리 후기 중 몇 개는 경영진에게 문제를 제기하여 신속하게 해결되었다고 언급되어 있습니다. 저희는 완벽하지 않고 만족스럽지 않은 분들도 계시겠지만, 저희는 모두를 편안하게 해드리고 해결책을 염두에 두고 모든 문제를 신속하게 해결하고자 노력합니다. 이 경우의 해결책은 이사를 보내드리는 것이었고, 그렇게 할 수 없는 경우 외곽에 있는 숙소를 찾아서 환불해드리는 것이었습니다. 저희 숙소에는 세 채의 집이 있는데 그 중 한 채는 도로에서 최소 1000피트 이상 떨어져 있고 매우 조용한 곳이었기 때문에 문제가 해결되었다면 기꺼이 그곳으로 이사를 보냈을 것입니다. 상황을 인지하면 모든 문제는 해결될 수 있고 또 해결될 것입니다. 이곳이나 애슈빌 시내 어디에서도 전원적인 환경을 찾을 수 없기 때문에 전원적인 환경을 찾는 분께는 이곳에 머물지 말라고 권해드리고 싶지 않습니다. 하지만 합리적인 가격, 도시의 편리함, 최고 수준의 서비스를 갖춘 훌륭한 숙소를 원하신다면 이곳을 찾으셨을 것입니다.",Negative,Disgust,Complaint,"부정적인 경험을 하셨다니 정말 유감입니다. 편안한 숙박과는 거리가 멀었던 것 같으며, 이에 대해 사과드립니다. 저희는 고객님의 불만 사항을 심각하게 받아들이고 있으며 이러한 불편을 완화할 수 있는 방법을 모색하고 있습니다. 고객님의 피드백은 개선에 큰 도움이 되며, 앞으로 더 나은 경험을 제공할 수 있는 기회를 갖기를 바랍니다.","시간을 내어 피드백을 공유해 주셔서 감사합니다. 다른 게스트의 숙박에 대해 긍정적인 의견을 보내주셔서 기쁘게 생각합니다. 하지만 빌트모어 애비뉴의 교통체증과 병원 헬기 비행 경로와의 근접성으로 인해 불편을 겪으신 점에 대해 진심으로 유감스럽게 생각합니다.

특히 집에서 휴식을 취하고 즐거운 시간을 보내고 싶을 때 평화로운 환경이 얼마나 중요한지 잘 알고 있습니다. 저희는 모든 고객에게 평온하고 편안한 경험을 제공하기 위해 노력하고 있으며, 고객님의 경우 부족했던 점에 대해 유감스럽게 생각합니다.

향후 재방문 시에는 숙소 내 더 조용한 곳에 위치한 객실을 추천해 드리거나 소음을 완화할 수 있는 해결책을 찾아드리도록 하겠습니다. 또한, 방음 옵션 및 보다 고요한 환경을 조성하는 데 도움이 되는 기타 편의시설 등 투숙객의 편의를 증진할 수 있는 방법을 지속적으로 모색하고 있습니다.

고객의 편안함과 만족은 저희의 최우선 과제이며, 이러한 우려를 제기해 주셔서 감사합니다. 다시 찾아주신 여러분을 환영하며 평화롭고 즐거운 경험을 제공할 수 있는 기회가 되기를 바랍니다. 추가 도움이 필요하거나 다음 숙박을 더욱 쾌적하게 만들어드릴 수 있는 방법에 대해 논의하고 싶으시면 언제든지 직접 문의해 주세요.","게스트님께,

시간을 내어 경험을 공유해 주셔서 감사합니다. 모든 피드백은 서비스를 개선하고 모든 고객에게 더 나은 경험을 제공하는 데 도움이 되므로 진심으로 소중하게 생각합니다. 빌트모어 애비뉴의 소음과 헬리콥터의 예기치 않은 방해로 인해 숙박에 불편을 드려 진심으로 유감입니다. 평화로운 환경이 얼마나 중요한지, 특히 집에서 휴식을 취하고 즐거운 시간을 보내고 싶을 때 얼마나 중요한지 잘 알고 있습니다.

현재 객실 방음 및 야외 공간의 평온함을 강화하는 등 소음 영향을 최소화할 수 있는 다양한 솔루션을 모색하고 있습니다. 고객의 편안함과 만족을 가장 중요하게 생각하며 필요한 개선을 위해 최선을 다하고 있습니다.

향후 더욱 고요한 환경에서 다시 찾아뵐 수 있기를 바랍니다. 언제든지 직접 문의해 주시면 보다 평화롭고 즐거운 숙박을 보장할 수 있는 방안을 논의해 드리겠습니다.

다시 한 번 불편을 끼쳐 드려 죄송하다는 말씀을 드리며, 이번 기회에 만회할 수 있기를 바랍니다.

따뜻한 안부 전해드립니다,
운영팀"
"이 호텔에 도착하면 가장 먼저 눈에 띄는 것은 문에 붙어 있는 트립어드바이저 등급 스티커입니다. 281달러에 잔돈을 조금 주면 숙면을 취할 수 있을 거라 생각했는데, 그렇지 않았어요. 호텔은 매우 깨끗하고 리셉션 데스크를 제외하고는 필요한 모든 것을 갖추고 있습니다. 전화 번호가 있지만 한밤중에 매트리스의 품질에 대해 불만을 제기하고 싶지 않았습니다. 침대가 처져서 말 그대로 나쁜 매트리스에서 잠을 잘 수 없었습니다. 아침에는 샤워실 문이 완전히 열리지 않아서 샤워할 때 입구에 사람이 들어갈 수 없었기 때문에 상황이 더 좋지 않았습니다. 다음 날 아침에는 코드/잠금장치에 문제가 생겼는데 휴대폰이 아직 방에 있고 근처에 공중전화도 없어 도움을 요청할 수 없었습니다. 그냥 기다려야 했어요...",2,도버10을 이용해 주셔서 감사합니다. 저희 숙소에서의 숙박이 만족스럽지 않으셨다니 유감입니다. 매트리스가 편안하지 않으셨다니 죄송합니다. 매트리스에 대해 많은 고객님께서 칭찬해 주셨습니다. 유지보수팀에 연락하여 샤워 도어를 점검하도록 하겠습니다. 호텔의 일반 프런트 데스크처럼 24시간 언제든지 전화하실 수 있는 전화번호가 있습니다. 실제 직원이 전화를 받아 모든 문제에 즉시 대응하고 있습니다. 발생한 문제에 대해 언제든지 기꺼이 상담해 드리오니 언제든지 전화해 주세요.,Negative,Disgust,Complaint,"트립어드바이저 평점의 기대치를 고려할 때 저희 호텔에서 실망스러운 경험을 하셨다니 정말 유감입니다. 특히 매트리스와 샤워 도어 문제로 인해 얼마나 실망스럽고 불편하셨을지 이해합니다. 저희는 고객님의 불만 사항을 매우 심각하게 받아들이고 있으며, 제기하신 우려 사항을 해결하기 위해 최선을 다하고 있습니다. 문제를 바로잡을 수 있도록 직접 문의해 주시기 바랍니다. 고객의 편안함과 만족을 최우선으로 생각하며, 더 나은 환경에서 다시 찾아뵐 수 있는 기회를 갖기를 바랍니다.","호텔에 머무시는 동안 겪으신 어려움에 대해 유감스럽게 생각합니다. 호텔 등급과 가격대에 따른 높은 기대치에도 불구하고 몇 가지 문제로 인해 만족스럽지 못한 경험을 하셨다니 유감입니다. 편안한 침대와 기능적인 어메니티는 모든 호텔 숙박에 대한 기본적인 기대치인데, 이를 충족하지 못해 아쉽습니다. 리셉션 데스크가 없어 필요할 때 즉각적인 도움을 받지 못한 것도 문제를 더욱 악화시킨 것 같습니다. 호텔에서는 고객이 편안하고 번거로움 없이 숙박할 수 있도록 하는 것이 중요한데, 이 호텔에서는 몇 가지 부족한 부분이 있었던 것 같습니다. 호텔 경영진이 고객님의 피드백을 진지하게 받아들여 향후 이용객의 경험을 개선할 수 있기를 바랍니다.","게스트님께,

무엇보다도 저희 호텔에 머무시는 동안 불편과 불편을 겪으신 점에 대해 진심으로 사과드립니다. 특히 트립어드바이저 평점에서도 알 수 있듯이 저희 호텔의 높은 기준을 고려할 때, 고객님께서 기대하셨던 숙박의 질에 미치지 못했다는 소식을 듣게 되어 매우 유감스럽게 생각합니다.

저희는 숙면이 고객에게 얼마나 중요한지 잘 알고 있으며, 객실의 매트리스 상태가 이에 미치지 못했음을 분명히 인지하고 있습니다. 이 문제를 즉시 해결하고 시정하여 향후 이용객에게 같은 문제가 재발하지 않도록 조치하고 있습니다. 또한 샤워 도어에서 발생한 문제 역시 용납할 수 없는 일이며, 이를 해결하기 위해 열심히 노력하고 있습니다.

리셉션 데스크 부재로 인해 불편을 겪으신 점과 도어 잠금장치로 인해 어려움을 겪으신 점에 대해 유감스럽게 생각합니다. 저희는 24시간 언제나 고객님들의 접근성과 지원을 개선하기 위해 현재 시스템을 검토하고 있습니다.

여러분의 피드백은 서비스와 시설을 개선하는 데 큰 도움이 되므로 진심으로 소중하게 생각합니다. 다음 방문 시 무료 숙박 또는 할인 혜택을 제공하여 원래 기대하셨던 경험을 제공할 수 있는 기회를 드리고자 합니다. 필요한 조치를 취할 수 있도록 편하신 시간에 직접 연락해 주시기 바랍니다.

이러한 문제를 알려주셔서 감사합니다. 다시 찾아 뵙고 저희 호텔에 대한 신뢰를 회복할 수 있는 기회가 되기를 바랍니다.

따뜻한 안부 전해드립니다,
경영진"
326호실의 히터가 고장 났으며 10~20분마다 매우 큰 소음이 났습니다. 침대 중 하나에 긴 머리카락. 아침에 프런트 데스크 직원 앞에서 마스크 없는 멍청한 손님이 의자에 앉아 있었습니다. 직원은 아무 말도 하지 않았습니다. 사우스 캐롤라이나에 오신 것을 환영합니다.,2,"산티 SC의 페어필드 호텔에 대한 솔직한 피드백을 공유해 주셔서 감사드리며, 여행 중 산티 SC를 다시 방문하실 때 다시 찾아 뵙기를 기대합니다. 페어필드 산티 팀",Negative,Disgust,Complaint,"히터 고장, 청결 문제, 프런트 데스크에서의 상황 등 투숙 중 겪으신 문제에 대해 진심으로 유감스럽게 생각합니다. 이번 경험으로 인해 얼마나 실망스럽고 불편하셨을지 이해합니다. 저희는 고객님의 의견을 진지하게 받아들이고 있으며 이러한 문제가 반복되지 않도록 즉시 해결하겠습니다. 고객의 편안함과 안전이 저희의 최우선 과제이며, 저희 시설에 대한 고객의 신뢰를 회복할 수 있는 기회가 되기를 바랍니다.","게스트님께,

시간을 내어 최근 투숙에 대한 의견을 공유해 주셔서 감사합니다. 326호 객실의 히터 오작동 및 침구 청결 문제 등 고객님께서 겪으신 문제에 대해 진심으로 사과드립니다. 특히 편안한 숙박을 기대하셨을 때 이러한 문제가 얼마나 큰 혼란과 불편을 초래할 수 있는지 잘 알고 있습니다.

로비에서 목격하신 상황과 관련하여 불편함이나 우려를 끼쳐 드린 점에 대해 사과드립니다. 저희는 고객과 직원의 건강과 안전을 가장 중요하게 생각하며, 모두에게 안전하고 따뜻한 환경을 유지하기 위해 노력하고 있습니다. 프런트 데스크 팀과 함께 이 문제를 해결하여 정책을 더욱 철저하게 시행하도록 하겠습니다.

저희는 여러분의 의견을 진지하게 받아들이고 있으며, 이러한 문제를 해결하고 시정하는 데 필요한 조치를 취할 예정이니 안심하시기 바랍니다. 저희는 게스트에게 최고 수준의 서비스와 숙소를 제공하기 위해 최선을 다하고 있으며, 이번 사안의 경우 저희의 노력이 부족했던 것이 분명합니다.

고객 여러분의 편안함과 만족을 위한 저희의 노력을 보여드릴 수 있도록 다시 한 번 기회를 주시면 감사하겠습니다. 우려 사항에 대해 더 자세히 논의하고 싶거나 개선할 수 있는 구체적인 사항이 있으면 언제든지 직접 문의해 주시기 바랍니다.

피드백을 보내주셔서 다시 한 번 감사드리며, 더욱 즐겁고 편안한 숙박으로 다시 찾아뵐 수 있기를 바랍니다.

따뜻한 안부 전해주세요,

귀하의 이름] [직위]
직위] [직책]
호텔 이름] [호텔 이름
[연락처 정보]","게스트님께,

무엇보다 먼저, 저희 호텔에 머무시는 동안 겪으신 일련의 불행한 경험에 대해 진심으로 사과드립니다. 저희가 추구하는 편안하고 친근한 환경을 제공하지 못한 점이 분명하며, 이에 대해 진심으로 사과드립니다.

326호 객실의 히터 문제는 우려스러운 사안이며, 이를 알려주셔서 감사합니다. 이후 유지보수 팀과 함께 이 문제를 즉시 해결하고 향후 이러한 일이 발생하지 않도록 조치했습니다. 저희는 객실 청결을 최우선으로 생각하며, 침대에 긴 머리카락이 있는 것은 용납할 수 없습니다. 저희는 하우스키핑 직원에게 철저한 청소의 중요성을 거듭 강조했으며, 기준을 지키기 위해 추가 점검을 실시할 예정입니다.

프런트 데스크에서 목격하신 상황과 관련하여 불편을 겪으신 점 이해합니다. 저희는 게스트와 직원의 건강과 안전을 가장 중요하게 생각하며, 공공장소에서의 마스크 착용에 관한 정책을 시행하고 있습니다. 이러한 정책이 일관되게 준수될 수 있도록 팀과 함께 정책을 강화해 나가겠습니다.

모든 게스트에게 더 나은 경험을 제공하고 개선하는 데 도움이 되는 여러분의 피드백을 소중하게 생각합니다. 앞으로도 고객 여러분의 편안함과 만족을 위해 최선을 다할 수 있도록 다시 한 번 기회를 주시면 감사하겠습니다. 이 문제에 대해 더 자세히 논의하고 싶거나 기타 도움이 필요한 사항이 있으면 언제든지 직접 문의해 주시기 바랍니다.

따뜻한 안부 전해드립니다,
운영팀"
코로나 이후 첫 휴양지. 반려견과 스파를 운전하고 데려갈 수 있어서 보카 리조트를 선택했습니다. 도착하자마자 직원들은 정중하고 친절하게 도와주었어요. 요트 클럽 8층에 있는 저희 방으로 안내받았어요. 전망은 좋았지만 방은 매우 평범했습니다. 스파에 갔더니 정말 훌륭했습니다. 별 5 개 이상. 하지만 수영장의 의자가 가장 불편했습니다.  저녁을 먹고 싶었는데 컨시어지가 요트 클럽 전용 플라이브리지를 추천해줬어요. 9코스 시식 메뉴가 세팅되어 있다고 아무도 말해주지 않았나요? 그 사실을 알게 된 후 예약을 취소했습니다. 리조트까지 수상 택시나 셔틀을 이용해야 하기 때문에 저녁 식사를 하지 못했습니다. 일요일 밤 랍스터 배쉬 티켓을 2인 기준 400달러가 넘는 가격에 구매했는데요? 직원도 어디 있는지 모르는 것 같았어요...,2,"PB퍼스트클래스트래블러 고객님, 저희 호텔 이용에 대한 피드백을 제공해 주셔서 감사합니다. 스파 팔메라에서 특별한 경험을 하셨고 편의시설이 별 다섯 개 이상의 등급을 받았다는 소식을 듣게 되어 기쁘게 생각합니다. 수영장 의자에 대한 고객님의 지적은 감사드리며 향후 개선에 반영하도록 하겠습니다.  랍스터 배쉬를 찾는 과정에서 불편을 끼쳐 드려 진심으로 사과드립니다. 저희는 직원들에게 해당 시설에 대한 교육을 지속적으로 실시하고 있으며, 향후 재발 방지를 위해 내부적으로 고객님께서 주신 의견을 반영하고 있으니 안심하시기 바랍니다.   또한, 저희는 고객님께 특별하고 엄선된 경험을 제공하는 것을 최우선 과제로 삼고 있으며, 숙박의 다른 세부 사항이 특별하지 못했다는 점에 대해 유감스럽게 생각합니다. 고객님의 피드백은 해당 팀과 공유하여 개선 사항을 시행하도록 하겠습니다.      앞으로 더욱 개선되고 기억에 남는 경험으로 다시 찾아뵙게 되기를 진심으로 바랍니다.   따뜻한 안부, 다니엘 A. 호스테틀러, 사장 겸 최고경영자",Neutral,Surprise,Sharing Experience,"시간을 내어 경험을 공유해 주셔서 감사합니다. 평범한 객실과 수영장의 불편한 의자 등 기대에 미치지 못한 부분에 대해 말씀해 주셔서 놀랐습니다. 경험을 공유해 주셔서 감사드리며, 특히 고객님들께 식사 옵션과 이벤트 장소에 대한 충분한 정보를 제공하는 등 서비스 개선에 도움이 됩니다. 저희 직원이 친절하고 도움이 되었으며 스파가 훌륭했다고 말씀해주셔서 기쁘게 생각합니다. 다음에도 다시 방문해 더욱 원활하고 즐거운 경험을 제공할 수 있는 기회가 있기를 바랍니다.","시간을 내어 더 보카 리조트에서의 경험을 공유해 주셔서 감사합니다. 도착하자마자 저희 직원이 긍정적인 인상을 주었고 스파가 기대 이상으로 뛰어났다고 말씀해 주셔서 기쁘게 생각합니다. 저희는 고급스럽고 편안한 환경을 제공하기 위해 노력하고 있으며, 이러한 부분이 기억에 남으셨다니 정말 기쁩니다.

객실과 수영장 의자에 대한 우려를 이해합니다. 고객님의 피드백은 매우 소중하며, 고객 경험을 개선하기 위해 지속적으로 노력할 때 반드시 반영하도록 하겠습니다. 저희는 편안함과 만족을 최우선으로 생각하며, 이러한 부분에서 부족함이 있었다면 사과드립니다.

식사 경험과 관련하여 플라이브리지 레스토랑의 서비스를 둘러싼 혼란에 대해 유감스럽게 생각합니다. 저희는 시식 메뉴와 같은 독특한 식사 경험을 포함하여 식사 옵션에 대한 명확하고 포괄적인 정보를 제공하기 위해 노력하고 있습니다. 이로 인해 불편을 끼쳐 드린 점과 소통 부족으로 인해 저녁 식사를 놓치신 점에 대해 사과드립니다.

또한 랍스터 배쉬 이벤트와 관련하여 혼선을 빚고 정보가 부족했던 점에 대해서도 사과드립니다. 저희 직원이 충분한 정보를 제공하지 못했다는 소식을 듣고 우려를 금할 수 없으며, 특히 행사의 중요성과 관련 비용을 고려할 때 얼마나 실망스러우셨을지 이해합니다. 내부적으로 이 문제를 해결하여 모든 직원이 이벤트에 대해 더 잘 소통하고 인지할 수 있도록 하겠습니다.

여러분의 피드백에 감사드리며, 기대에 미치지 못한 부분에 대해 진심으로 사과드립니다. 향후 더 보카 리조트에서 고객님과 반려견을 다시 맞이할 수 있는 기회를 가지게 되기를 바라며, 모든 서비스 영역에서 우수성에 대한 저희의 약속을 보여드릴 수 있기를 바랍니다.

리뷰를 작성해 주셔서 다시 한 번 감사드립니다. 고객 경험을 지속적으로 개선하기 위해 노력하는 저희에게는 고객님의 인사이트가 매우 중요합니다.","게스트님께,

팬데믹 이후 첫 휴양지로 더 보카 리조트를 선택해 주시고 시간을 내어 저희와 경험을 공유해 주셔서 감사합니다. 저희 직원이 도착하자마자 긍정적인 인상을 주었고 스파가 기대 이상의 서비스를 제공하여 별점 5점 이상을 받았다는 소식을 듣게 되어 기쁘게 생각합니다. 고객님과 같은 피드백은 저희의 높은 수준의 서비스와 환대를 유지하는 데 큰 도움이 됩니다.

객실과 식사 옵션에 대해 실망하신 점 이해합니다. 저희는 모든 고객에게 고급스럽고 편안한 경험을 제공하기 위해 노력하고 있으며, 객실이 기대에 미치지 못했고 플라이브리지에서의 식사 경험이 예상과 달랐다는 점에 대해 유감스럽게 생각합니다. 수영장 의자에 대한 피드백에 감사드리며 이 부분에 대한 개선을 검토해 보겠습니다.

랍스터 배쉬와 관련하여 혼란과 불편을 겪으신 점에 대해 진심으로 사과드립니다. 저희는 모든 게스트에게 이벤트와 편의시설에 대한 모든 필요한 정보를 제공하기 위해 노력하고 있지만, 이번 사례에서는 부족한 점이 있었던 것 같습니다. 이번 일을 바로잡을 수 있는 기회를 주시면 감사하겠습니다.

추가 의견, 우려 사항 또는 제안 사항이 있으시면 언제든지 직접 문의해 주시기 바랍니다. 다시 찾아뵙고 기대에 부응하는 것은 물론 그 이상의 경험을 제공할 수 있는 기회가 되기를 바랍니다.

따뜻한 안부 전해드립니다,
보카 리조트 팀"
이 호텔은 이 지역 최고의 호텔입니다.  제가 묵고 있는 방은 현대적인 느낌입니다.  욕조는 멋지고 큽니다.  불행히도 라운지는 리노베이션 중이므로 증명할 수 없습니다.  레스토랑은 훌륭하고 그곳에서 영어를 구사하기 때문에 스페인어를 사용하지 않는 비즈니스맨에게 정말 좋습니다.  로비에는 음료를 마시기에 좋은 작은 바도 있고 레스토랑과 같은 메뉴로 주문할 수 있어요.  룸서비스는 24시간 운영되어 비즈니스맨들에게도 좋습니다.  호텔은 오래된 호텔이라서 그런지 조금 낡아 보였습니다.  하지만 제가 멕시코에서 머물렀던 다른 곳과 비교하면 꽤 괜찮습니다.,3,"Dana B님께, 시간을 내어 의견을 작성해 주셔서 진심으로 감사드립니다. 저희는 호텔을 더욱 개선하고 대부분의 공간을 리뉴얼하기 위해 노력하고 있으며, 다음에 저희 호텔에 투숙하실 때 그 차이를 느끼실 수 있기를 바랍니다. 투숙해 주셔서 감사합니다. 플래티넘 프리퍼티 클럽 회원으로서 진심으로 감사드립니다.  즐거운 여행 되세요.  파멜라 모레노 객실 부문 매니저",Positive,Happiness,Sharing Experience,"저희 호텔을 이 지역 최고의 호텔이라고 생각하신다는 소식을 들으니 정말 기쁩니다! 현대적인 객실과 넓은 욕조, 어메니티가 고객님께 만족감을 주셨다니 정말 기쁩니다. 라운지 리노베이션에 대해 이해해 주셔서 감사드리며, 레스토랑과 로비 바의 편리함을 즐기셨다니 기쁘게 생각합니다. 호텔 상태에 대한 고객의 피드백은 매우 소중하며, 고객 경험을 개선하기 위해 지속적으로 노력하고 있습니다. 시간을 내어 호텔 및 커뮤니티와 경험을 공유해 주셔서 감사합니다. 곧 다시 찾아뵙기를 기대하겠습니다!","시간을 내어 경험을 공유해 주셔서 감사합니다. 저희 호텔이 이 지역 최고의 호텔이며 객실의 현대적인 느낌, 특히 넓은 욕조가 마음에 드셨다는 소식을 들으니 정말 기쁩니다. 저희 레스토랑이 기대에 부응하고 영어를 구사하는 직원이 편안한 숙박을 도와주었다니 정말 다행입니다. 비즈니스 고객의 편의가 중요하다는 것을 잘 알고 있으므로 24시간 룸서비스와 로비 바에 만족하셨다니 다행입니다.

라운지 리노베이션으로 인해 불편을 드려 죄송합니다. 더 나은 고객 경험을 위해 시설 개선에 힘쓰고 있습니다. 고객님의 양해 부탁드립니다.

호텔이 낡은 흔적이 보인다는 점에 대해 고객님께서 지적해 주신 점을 잘 알고 있습니다. 오래된 시설인 만큼 호텔의 매력과 개성을 유지하면서 지속적으로 업데이트 및 개선 작업을 진행하기 위해 노력하고 있습니다. 이 과정에서 고객의 피드백은 매우 소중합니다.

저희 호텔을 선택해 주셔서 다시 한 번 감사드립니다. 향후 라운지 리노베이션이 완료되는 대로 다시 찾아 뵙게 되기를 바라며, 모든 편의 시설을 이용하실 수 있도록 최선을 다하겠습니다.","소중한 고객님께,

시간을 내어 저희 호텔에서의 긍정적인 경험을 공유해 주셔서 대단히 감사합니다. 현대적인 느낌의 객실, 넓은 욕조, 24시간 룸서비스의 편리함이 마음에 드셨다니 정말 기쁘게 생각합니다. 저희 레스토랑과 영어 의사소통이 가능하여 머무시는 동안 편안함을 더해주셨다니 정말 다행입니다.

편안한 휴식 공간의 중요성을 잘 알고 있으며, 저희 로비 바가 음료를 즐기기에 좋은 장소였다니 기쁘게 생각합니다. 라운지 리노베이션으로 인해 불편을 드려 죄송하지만, 개선된 모습을 보여드리게 되어 기쁘게 생각하며 다음 번 방문하실 때 꼭 경험해 보시기 바랍니다.

호텔의 노후화에 대해 이해해 주셔서 감사드리며, 호텔 고유의 매력을 유지하면서 고객 경험을 향상시키기 위해 지속적으로 업데이트 작업을 진행하고 있습니다.

멕시코에서의 숙박을 위해 저희 호텔을 선택해 주시고 비스페인어권 고객을 위한 저희의 노력을 인정해 주셔서 감사합니다. 곧 여러분을 다시 뵙게 되기를 기대하며, 완전히 새롭게 단장한 라운지에서 여러분을 맞이할 수 있기를 바랍니다.

따뜻한 안부 전해드립니다,
운영팀"
1층에 있는 저희 방은 습하고 약간 냄새가 났어요. 침대 옆에 밤낮으로 작동하는 가습기가 있어서 매일 비워야 했어요. 전에도 이 시설을 두 번 이용했는데 매우 좋은 경험이었지만 항상 위층에 머물렀습니다. 더 나은 경험을 위해 위층을 추천합니다.,3,"몽지 씨, 이번 포르트 디베르 방문이 기대에 미치지 못해 죄송합니다. 안타깝게도 1층에 위치한 망그로브 스위트는 8월에 습도가 약간 높아지는 경향이 있어 제습기를 가동하고 있습니다.  투숙객을 위해 객실을 시원하고 건조하게 유지합니다.  가장 크고 로맨틱한 스위트룸인 만큼 모든 것이 완벽하기를 바랍니다. 투숙 기간 중 우려 사항을 알려주셔서 상황을 바로잡을 수 있는 기회를 주신 점에 대해 감사의 말씀을 드립니다. 안타깝게도 업그레이드된 객실로 옮겨드리겠다는 저희의 제안을 수락하지 않으셨군요.  저희는 항상 케이시와 회원님을 즐겁게 모시고 있으며, 조만간 다시 찾아 뵙기를 바랍니다!  환대하는 마음, 포트 디베르 직원 일동",Negative,Disgust,Feedback,최근 에어프랑스에서 겪으신 경험에 대해 정말 유감스럽게 생각합니다. 특히 가습기를 지속적으로 관리해야 하는 등 기대에 미치지 못하는 객실에 머무르셔서 얼마나 불편하셨을지 잘 알고 있습니다. 피드백을 보내주시고 이전의 긍정적인 경험을 바탕으로 윗층을 추천해 주셔서 감사합니다. 저희는 고객님의 충성도를 소중하게 생각하며 다음 숙박에도 편안하고 즐거운 시간을 보내실 수 있도록 최선을 다하겠습니다. 개선할 수 있도록 직접 연락해 주시기 바랍니다.,"시간을 내어 최근 저희 시설에서의 숙박에 관한 의견을 공유해 주셔서 감사합니다. 1층에서의 경험이 모든 고객에게 제공하기 위해 노력하는 높은 수준의 편안함과 만족도를 충족하지 못하셨다니 유감입니다. 고객님께서 겪으신 습도 및 관련 냄새 문제는 일반적인 고객 경험과는 다른 것으로, 이를 알려주셔서 감사합니다.

객실 가습기를 지속적으로 관리해야 하는 상황이 고객님께서 누려야 할 휴식과 즐거움에 방해가 될 수 있다는 점을 잘 알고 있습니다. 일부 1층 객실의 습도 문제의 근본적인 원인을 파악하고 해결하기 위해 해당 문제를 조사하고 있으니 안심하시기 바랍니다.

특히 위층에 머무르셨던 이전 숙박 경험이 매우 좋았다고 들으니 마음이 든든합니다. 고객의 충성심에 감사드리며, 다음 투숙객에게 더 나은 경험을 위해 고층 객실을 추천해 주셔서 감사합니다.

여러분의 피드백은 모든 게스트가 쾌적한 숙박을 보장하고 개선하는 데 도움이 되므로 소중하게 생각합니다. 다시 찾아 뵐 수 있는 기회가 있기를 바라며, 숙박 중 문제가 발생하면 프론트 데스크 팀에 연락해 주시면 즉시 해결할 수 있도록 노력하겠습니다.

저희 호텔을 선택해 주셔서 다시 한 번 감사드리며, 앞으로도 더 나은 서비스를 제공할 수 있는 기회가 있기를 기대합니다.","소중한 고객님께,

시간을 내어 최근 투숙에 대한 피드백을 공유해 주셔서 감사합니다. 1층 객실의 습기와 냄새로 인해 불편을 겪으신 점에 대해 진심으로 유감스럽게 생각합니다. 저희는 모든 고객이 편안하고 쾌적한 숙박을 보장하는 것을 최우선 과제로 삼고 있으며, 고객님의 경우 저희의 목표에 미치지 못한 것 같습니다.

고객님의 성의에 감사드리며, 이전 위층에서의 숙박이 즐거우셨다니 다행입니다. 추천해 주신 내용을 잘 기억하고 있으며, 고객 경험을 개선하기 위해 지속적으로 노력하는 과정에서 고객님의 의견을 적극 반영하도록 하겠습니다.

향후 재발 방지를 위해 투숙하신 객실의 문제를 해결하고 있으니 안심하시기 바랍니다. 고객 여러분의 성원에 감사드리며, 기대에 부응하는 숙박으로 다시 찾아뵐 수 있는 기회를 갖도록 하겠습니다. 경험에 대해 더 자세히 논의하고 싶으시거나 다음 방문을 위해 특별히 요청하실 사항이 있으시면 언제든지 직접 문의해 주시기 바랍니다.

따뜻한 안부 전해드립니다,
운영팀"
"호텔 방은 괜찮았고 넓고 시설이 잘 갖춰져 있었으며 주차도 쉬웠습니다. 아침 식사는 아주 드물었고, 어른을 본 적이 없어서 10대들이 운영하는 호텔인 것 같았습니다. 수영장은 좋았고 세탁실도 있었습니다. 가디너는 북쪽 입구를 통해 옐로스톤, 특히 더 흥미로운 루즈벨트 타워 지역에 접근하기에 정말 좋은 곳이지만 마을에는 다른 볼거리가 거의 없습니다. 길 건너편에 있는 옐로스톤 광산 회사 휴게소에서는 2인용 테이블이 4개밖에 없고 단체를 선호한다고 설명하며 반갑지 않은 태도를 보였기 때문에 식사하기 좋은 곳을 찾는 것이 문제였습니다. 아웃로즈 피자(호텔에서 도보로 약 2분 거리)는 음식이 갓 조리된 정말 좋은 곳이었어요...",3,시간을 내어 리뷰를 남겨주셔서 감사합니다!,Neutral,Surprise,Sharing Experience,"시간을 내어 경험을 공유해 주셔서 감사합니다. 저희는 모든 고객에게 종합적이고 친절한 환경을 제공하기 위해 노력하고 있으며, 조식 경험과 경험하신 서비스에 대해 들으니 놀랍습니다. 가디너의 현지 식당 옵션과 경험에 대한 피드백에 감사드립니다. 고객님과 같은 소중한 인사이트는 저희와 향후 게스트가 최대한의 만족을 얻는 데 도움이 됩니다. 다시 찾아 뵙고 더 나은 경험을 제공할 수 있는 기회를 갖기를 바랍니다.","시간을 내어 경험을 공유해 주셔서 감사합니다. 객실이 넓고 시설이 잘 갖춰져 있으며 주차 시설의 편리함에 만족하셨다는 소식을 들으니 기쁘네요. 수영장과 세탁 시설도 만족스러우셨다니 정말 다행입니다.

조식이 기대에 미치지 못한 점 사과드립니다. 저희는 고객님들께 만족스러운 하루를 시작하실 수 있도록 노력하고 있으며, 조식 제공을 검토할 때 고객님의 의견을 적극 반영하도록 하겠습니다. 직원과 관련하여, 저희는 역동적인 팀을 자랑스럽게 생각하며 연령에 관계없이 모든 팀원이 최고 수준의 서비스를 제공할 수 있도록 교육을 받도록 하고 있습니다. 고객이 항상 전문 팀의 세심한 배려를 받는다는 느낌을 받을 수 있도록 고객의 의견을 검토하겠습니다.

가디너의 식사 옵션이 제한적이고 인근 레스토랑에서의 경험이 만족스럽지 않았다는 점에 대해 유감스럽게 생각합니다. 하지만 아웃로즈 피자를 발견하고 신선하게 조리된 음식을 맛있게 드셨다니 다행입니다. 가디너는 옐로스톤의 경이로움으로 가는 관문이며, 작은 마을이지만 그 매력과 일부 지역 업체의 품질로 방문객을 놀라게 하는 경우가 많습니다.

여러분의 피드백은 서비스와 전반적인 게스트 경험을 개선하는 데 도움이 되므로 항상 감사하게 생각합니다. 앞으로 더욱 만족스러운 숙박으로 다시 찾아뵐 수 있는 기회가 있기를 바랍니다. 옐로스톤 방문 기간 동안 저희 숙소를 선택해 주셔서 감사합니다.","게스트님께,

시간을 내어 호텔 경험을 공유해 주셔서 감사합니다. 넓은 공간과 편의시설을 갖춘 호텔 객실이 마음에 들었고, 주차장과 수영장 및 세탁실과 같은 시설도 편리했다니 기쁘게 생각합니다.

조식 옵션이 기대에 미치지 못했다면 죄송합니다. 저희는 지속적으로 서비스 개선을 위해 노력하고 있으며, 이 과정에서 여러분의 피드백은 매우 소중합니다. 직원과 관련하여 저희는 젊은 직원들의 열정과 전문성에 자부심을 가지고 있지만, 실망하신 점 이해합니다. 숙련된 감독자가 서비스 기준을 충족하도록 관리하고 있으니 안심하세요.

가디너와 주변 식당 옵션에 대해 알려주셔서 감사합니다. 인근 레스토랑에서의 경험이 만족스럽지 않았다는 점은 유감이지만, 아웃로즈 피자가 마음에 드셨다니 기쁘게 생각합니다. 향후 현지 식당 옵션을 찾는 게스트에게 꼭 추천해드리도록 하겠습니다.

피드백을 보내주셔서 다시 한 번 감사드립니다. 다음에 다시 방문해 더욱 만족스러운 경험을 제공할 수 있는 기회가 있기를 바랍니다.

따뜻한 안부 전해드립니다,
운영팀"
"저희는 팬데믹 이전부터 인버팔로를 좋아했습니다. 훌륭한 아침 식사, 유쾌한 호스트, 멋진 숙소. 하지만 지난번 방문은 실망스러웠습니다. 조식은 이제 DIY 요거트 파르페와 평범한 블루베리 스콘으로 구성됩니다. 아침 식사를 위해 도착했을 때 처음에는 스콘이나 커피가 제공되지 않았습니다. 10분 정도 기다렸지만 재입고를 도와줄 수 있는 직원은 보이지 않았어요. 결국 한 시간 후에 다시 내려왔어요. 헤어 제품과 비누 어메니티는 숙소 가격에 비해 수준이 낮았습니다. 전반적으로 괜찮았지만 가장 최근의 여행에 비하면 매력이나 우수성이 부족했습니다.",3,"시간을 내어 최근 투숙에 대한 피드백을 제공해 주셔서 감사합니다. 이전 경험에 대한 친절한 말씀에 진심으로 감사드리며, 가장 최근 방문 시 실망하신 점에 대해 사과드립니다.  DIY 요거트 파르페와 블루베리 스콘으로 변경된 조식이 이전 조식 경험에 비해 기대에 미치지 못했다는 점을 이해합니다. 또한 방문 당시 스콘과 커피가 부족하여 불편을 끼쳐 드린 점 사과드립니다. 보다 원활하고 적시에 재입고할 수 있도록 조식 서비스 절차를 검토하겠습니다.  객실 내 헤어 제품 및 비누 어메니티가 기준에 미치지 못한 점 사과드립니다. 저희는 고객의 투숙 만족도를 높일 수 있는 고품질의 제품(폴 미첼 샴푸 및 컨디셔너)을 제공하기 위해 노력하고 있으며, 고객의 피드백에 감사드리며 다음 단계의 업데이트 시 이를 고려하겠습니다.   저희는 고객 여러분의 충성도와 과거에 저희와 함께한 긍정적인 경험을 진심으로 소중하게 생각합니다. 이전에 경험하셨던 매력과 우수성이 가장 최근에 방문하셨을 때 충분히 반영되지 않았다는 점을 잘 알고 있습니다. 고객님께서 기대하셨던 수준의 서비스와 분위기를 회복하기 위해 최선을 다하고 있으니 안심하시기 바랍니다. 내부적으로 고객의 우려 사항을 해결하고 향후 고객이 기억에 남는 즐거운 경험을 할 수 있도록 필요한 조치를 취하겠습니다. 다시 한 번 기회를 주실 의향이 있으시다면 전화로 문의해 주시고 무료 숙박 혜택을 누리며 피드백을 보내주시기 바랍니다.",Negative,Disgust,Expressing Dissatisfaction,"최근의 숙박이 저희가 유지하고자 노력하는 높은 기준에 부합하지 않았다는 점에 대해 진심으로 유감스럽게 생각합니다. 특히 이전 방문에 대한 기대가 컸던 상황에서 이러한 변화를 경험하신 것이 얼마나 실망스러우셨을지 잘 알고 있습니다. 저희는 고객의 피드백을 진지하게 받아들이고 있으며, 조식 서비스와 편의시설의 품질을 포함하여 언급하신 문제를 검토하고 있습니다. 고객님의 경험은 저희에게 소중하며, 저희 숙소에 대한 신뢰를 회복하고 기대 이상의 숙박으로 다시 찾아뵐 수 있는 기회가 되기를 바랍니다.","시간을 내어 최근 여관버팔로에서의 숙박에 대한 피드백을 공유해 주셔서 감사합니다. 팬데믹 이전 방문에 대해 좋은 기억을 갖고 계신데, 저희의 높은 기준에 부합하지 못한 경험을 하셨다니 정말 유감입니다.

특히 이전에 호평을 받았던 조식을 기대하셨던 상황에서 조식 제공과 이용 가능 여부가 기대에 미치지 못해 실망하셨을 거라는 점을 잘 알고 있습니다. 저희는 모든 고객에게 즐겁고 만족스러운 하루의 시작을 제공하는 것을 목표로 하고 있으며, 이번 사례에서는 이에 미치지 못한 것 같습니다. 고객님의 의견을 저희 팀과 공유하여 이러한 문제를 신속히 해결하고 조식 서비스를 개선할 수 있도록 하겠습니다.

객실에 제공되는 어메니티에 대한 피드백에 감사드리며, 저희는 고객의 편안함과 전반적인 경험을 향상시키기 위해 고품질의 제품이 중요하다는 점을 잘 알고 있습니다. 현재 제공되는 어메니티를 검토하여 고객의 기대에 부응하고 호텔의 품격에 부합하도록 필요한 업그레이드를 고려하겠습니다.

지난번 방문 시 경험하셨던 매력과 우수성이 부족했다니 유감스럽게 생각합니다. 저희는 여관버팔로가 자랑하는 높은 기준과 따뜻한 환대를 회복하기 위해 최선을 다하고 있다는 점을 알아주시기 바랍니다. 기억에 남는 특별한 숙박을 제공할 수 있도록 다시 한 번 기회를 주시면 감사하겠습니다. 고객 만족은 저희에게 매우 중요하며, 다시 찾아 뵙고 기대 이상의 만족을 드릴 수 있는 기회가 되기를 바랍니다.

피드백을 보내주셔서 다시 한 번 감사드립니다. 우려 사항에 대해 더 자세히 논의하고 싶으시거나 다음 숙박에 더 만족하실 수 있도록 도와드릴 수 있는 부분이 있다면 언제든지 저희에게 직접 연락해 주세요.","소중한 고객님께,

시간을 내어 최근 여관버팔로에서의 숙박에 대한 피드백을 공유해 주셔서 감사합니다. 특히 팬데믹 이전 방문에 대해 좋은 기억을 가지고 계셨던 만큼, 저희의 높은 기준을 충족하지 못하셨다고 말씀해 주셔서 매우 유감스럽게 생각합니다. 아침 식사 제공과 편의시설이 기대에 미치지 못해 실망하셨을 것임을 이해하며, 이로 인해 불편과 불만을 끼쳐 드린 점 진심으로 사과드립니다.

고객 여러분의 피드백은 매우 중요하며, 지적하신 문제를 해결하기 위해 즉각적인 조치를 취하고 있다는 점을 알아주시기 바랍니다. 모든 고객이 기분 좋게 하루를 시작할 수 있도록 조식 메뉴와 서비스 절차를 검토하고 있습니다. 또한, 숙소 이용 요금에 따른 기대에 부응하기 위해 편의시설을 평가하고 있습니다.

이번 기회를 통해 여관버팔로에 대한 믿음을 회복하고, 기억에 남는 매력과 우수성을 경험하실 수 있기를 바랍니다. 편하신 시간에 직접 연락해 주시면 어떻게 하면 이 문제를 해결할 수 있을지 논의해 드리겠습니다.

솔직한 리뷰에 다시 한 번 감사드립니다. 앞으로도 기대 이상의 서비스로 다시 찾아뵐 수 있는 기회가 있기를 바랍니다.

따뜻한 안부 전해드립니다,
여관버팔로 팀"
"자메이카 킹스턴의 AC 메리어트는 여러모로 아쉬운 점이 많았어요.   직원들이 새로운 역할을 배우는 동안 매우 세심하고 친절했지만 창의적이거나 여러 상사에게 확인하지 않고는 업무를 제대로 처리할 수 없다고 느꼈습니다. 예를 들어 일주일 동안 방을 예약하고 조식을 포함했는데, 머무는 동안 세 번이나 이 문제를 제기했지만 체크아웃할 때는 여전히 요금 청구서에 없었습니다. 30분 후, 제 이메일 확인과 담당자의 확인을 통해 이 사실을 확인했습니다.   객실 내 커피 추가 제공과 같은 편의 시설을 요청했을 때 프런트 데스크에서 30분 동안 기다렸고, 여러 사람이 여러 차례 전화를 걸어 마침내 커피 포드가 어디에 있는지 아는 사람을 찾아냈습니다. 결제도 문제였습니다. 메리어트닷컴을 통해 객실을 예약할 수 있었는데...",3,"고객님, 숙박에 대한 자세한 후기를 공유해 주셔서 감사합니다.  기대에 부응하지 못한 점 사과드립니다. 고객님의 피드백은 저희 팀에게 매우 중요하며, 이를 해결하기 위해 팀원들과 열심히 노력하고 있습니다.   다시 한 번 저희를 고려해 주셔서 기쁘게 생각하며, 다시는 실망시키지 않겠습니다.  도움이 필요하시면 언제든지 koen.hietbrink@achotelsjm.com 으로 연락해 주시기 바라며, 다음 방문 시 개인적으로도 반갑게 맞이해 드리겠습니다.   안부, Koen",Neutral,Disgust,Feedback,"게스트님께,

최근 자메이카 킹스턴의 AC 메리어트에서 숙박하신 것과 관련하여 솔직한 피드백을 보내주셔서 감사합니다. 숙박 중 불편함을 느끼신 부분, 특히 직원의 대응 및 청구 문제와 관련하여 겪으신 어려움에 대해 진심으로 유감스럽게 생각합니다. 자세한 피드백은 모든 게스트에게 더욱 원활하고 즐거운 경험을 제공하기 위해 개선할 수 있는 부분을 파악하는 데 도움이 되므로 매우 소중하게 생각합니다. 다시 찾아뵙고 우수성을 향한 저희의 노력을 보여드릴 수 있는 기회가 되기를 바랍니다.

따뜻한 안부 전해드립니다,
AC 메리어트 킹스턴 팀","시간을 내어 자메이카 킹스턴의 AC 메리어트에서의 경험을 공유해 주셔서 감사합니다. 피드백은 저희가 개선할 수 있는 부분을 파악하는 데 매우 중요하므로 보내주신 의견에 감사드립니다.

저희 직원들이 세심하고 친절하게 응대해 주셨다니 기쁘게 생각합니다. 저희 팀원들은 실제로 자신의 역할을 배우고 적응하는 단계에 있으며, 의사 결정 과정에서 보다 효율적이고 자율적으로 일할 수 있도록 지원하는 것을 목표로 하고 있습니다. 저희는 고객님들께 원활한 경험을 제공하는 것이 중요하다는 점을 잘 알고 있으며, 여러 번 확인하고 상사에게 확인해야 하는 상황으로 인해 불편을 겪으신 점에 대해 사과드립니다. 저희는 직원들이 이러한 상황을 보다 능숙하게 처리할 수 있도록 교육 프로그램을 적극적으로 마련하고 있습니다.

조식 포함 여부가 처음에 인지되지 않은 문제와 관련하여, 여러 번 확인해야 하는 불편을 드린 점에 대해 진심으로 사과드립니다. 저희는 고객이 체크인하는 순간부터 모든 패키지 포함 사항이 정확하게 반영되고 인지될 수 있도록 커뮤니케이션 및 청구 프로세스를 검토하고 있습니다.

또한 객실 추가 커피를 요청할 때 겪은 지연과 혼란에 대해 유감스럽게 생각합니다. 이는 저희가 제공하고자 하는 서비스 수준이 아니며, 향후 이러한 요청이 보다 효율적으로 처리될 수 있도록 내부 커뮤니케이션 및 재고 관리 관행을 검토하겠습니다.

청구 프로세스에 대한 회원님의 피드백도 잘 알고 있으며, 이로 인해 혼란이나 불편을 드린 점에 대해 사과드립니다. 메리어트는 메리어트닷컴 또는 기타 채널을 통한 모든 거래 및 예약이 원활하고 정확하게 처리될 수 있도록 최선을 다하고 있습니다.

메리어트는 고객의 성원에 진심으로 감사드리며 향후에도 메리어트를 다시 이용해 주시기를 바랍니다. 메리어트는 서비스를 개선하고 다음 번에도 메리어트가 추구하는 높은 기준을 반영한 경험을 제공할 수 있도록 최선을 다하고 있습니다.

다시 한 번 의견을 보내주셔서 감사합니다.","게스트님께,

자메이카 킹스턴의 AC 메리어트에서 최근 투숙하신 것과 관련하여 의견을 공유해 주셔서 감사합니다. 고객 경험을 개선하기 위한 지속적인 노력에 귀중한 통찰력을 제공해 주셔서 진심으로 감사드립니다.

저희 직원이 세심하고 친절하게 응대해 주셨다니 기쁘게 생각합니다. 저희 팀은 탁월한 서비스를 제공하기 위해 최선을 다하고 있으며, 계속해서 성장하고 배우면서 추가적인 조정과 개선이 필요한 순간이 있을 수 있음을 인지하고 있습니다. 조식 포함과 커피 추가 요청에 대한 고객님들의 경험은 저희가 커뮤니케이션과 서비스 제공을 간소화해야 할 부분을 강조해 줍니다. 이러한 문제로 인해 불편을 끼쳐 드린 점 진심으로 사과드립니다.

저희는 고객의 의견을 진지하게 받아들이고 있으며, 향후 모든 고객에게 보다 효율적이고 원활한 경험을 제공하기 위해 팀과 함께 이러한 문제를 해결해 나갈 것입니다. 저희는 세심한 배려의 중요성을 잘 알고 있으며 필요한 조정을 위해 최선을 다하고 있습니다.

이러한 어려움에도 불구하고 Kingston에서 즐거운 시간을 보내셨기를 바라며, 향후 더 나은 서비스를 제공할 수 있는 또 다른 기회를 주시기를 바랍니다. 고객 만족을 최우선으로 생각하며 다음번에도 더욱 긍정적이고 기억에 남는 숙박이 될 수 있도록 최선을 다하겠습니다.

피드백을 보내주셔서 다시 한 번 감사드립니다. 경험에 대해 더 자세히 논의하고 싶거나 추가 제안 사항이 있으시면 언제든지 저희에게 직접 연락해 주시기 바랍니다.

따뜻한 안부 전해드립니다,
관리 팀
AC 메리어트 킹스턴, 자메이카"
"아내와 저는 2살 반 된 딸을 데리고 미니 스테이케이에 갔고 평화롭고 편안한 곳을 원했습니다. 더 클리프가 바로 그 곳이었어요!! 그리고 더!!! 그녀는 폭발했습니다! 그리고 우리는 매우 필요한 R + R을 얻었습니다 (예, 2 살짜리 아이와 함께 믿거 나 말거나). 직원들은 훌륭했습니다 !!! 아침 식사는 환상적이었습니다! 곧 다시 뵙기를 바랍니다 @thecliffhotel",4,"채드님께, 고객님과 가족이 즐거운 시간을 보내셨다니 정말 기쁩니다. 고객님께 필요한 R+R을 제공해주셔서 저희는 정말 기쁩니다.   언제 돌아오시기로 결정하시면 저희에게 알려주시면 기꺼이 모시겠습니다!  안전히 지내시고 곧 뵙겠습니다!  Vernon",Positive,Happiness,Praise,더 클리프에서의 숙박이 기대했던 것 이상으로 만족스러웠다는 소식을 들으니 정말 기쁩니다! 가족 모두가 즐거운 시간을 보내고 절실히 필요했던 휴식과 여유를 즐길 수 있었다니 저희도 큰 기쁨을 느낍니다. 잊지 못할 또 다른 추억을 위해 더 클리프에 다시 찾아주실 날을 고대하고 있습니다. 친절한 말씀과 함께 미니 스테이케이션을 위해 저희를 선택해 주셔서 감사합니다!,"더 클리프에서 멋진 경험을 공유해 주셔서 정말 감사합니다! 어린 자녀를 포함한 가족 모두가 환상적인 시간을 보내셨다니 정말 기쁩니다. 저희는 항상 투숙객에게 평화롭고 편안한 환경을 제공하는 것을 목표로 삼고 있으며, 여러분께 꼭 필요한 휴식과 여유를 제공해 드릴 수 있어서 기쁘게 생각합니다. 저희 직원들도 고객님의 숙박에 긍정적인 기여를 했다는 사실에 기뻐할 것이며, 조식도 맛있게 드셨다니 기쁘게 생각합니다. 곧 더 클리프스 호텔에서 다시 뵙기를 고대합니다. 다음 예약을 위해 주저하지 마시고 연락주세요 - 더 기억에 남는 순간이 기다리고 있습니다! 씨유앳더클리프스 #시유앳더클리프스","소중한 고객님께,

더 클리프에서 보내신 휴가가 기대하셨던 모든 것, 그리고 그 이상이었다는 소식을 듣게 되어 정말 기쁩니다! 가족에게 평화롭고 편안한 환경을 제공할 수 있었다는 점과 아이가 즐거운 시간을 보냈다는 소식을 들으니 정말 기쁩니다. 저희 직원들은 모든 게스트가 환영받고 보살핌을 받는다는 느낌을 받을 수 있도록 노력하기 때문에 친절한 말씀은 저희에게 큰 의미가 있습니다. 또한 조식도 만족스러우셨다니 정말 기쁩니다.

다음에도 편안한 숙박을 위해 다시 찾아주시길 기대하겠습니다. 더 클리프를 선택해 주시고 시간을 내어 긍정적인 경험을 공유해 주셔서 감사합니다. 곧 다시 뵙기를 바랍니다!

따뜻한 안부 전해드립니다,
더 클리프스 호텔 팀"
전반적으로 멋진 경험이었습니다. 전에도 이곳에 묵은 적이 있어요.  기대에 부응하는 서비스로 일관된 숙소였어요.  1층에 있는 객실을 선택했다면 식사 공간의 소음에 주의하세요.,4,"제니퍼, 저희의 목표는 항상 일관되게 멋진 숙박을 제공하는 것인데, 그런 경험을 하셨다니 정말 기쁘네요. 네, 조식 공간에서 떨어진 두 개의 객실은 아침 일찍 일어나 하루를 시작하시는 분들을 위한 공간이며, 아침에는 주방에서 최대한 조용하지만 조식 서비스가 시작되면 투숙객의 흥분을 제한할 수 밖에 없습니다:) 이해해 주셔서 감사합니다! 다시 뵙기를 고대합니다(2층 객실 또는 다른 동 1층 객실을 배정해드리도록 하겠습니다).  다음에 뵙겠습니다, 마리안나, 여관주인",Positive,Happiness,Sharing Experience,전반적으로 멋진 경험을 하셨다니 정말 기쁩니다! 고객님의 행복은 저희에게 큰 의미가 있습니다. 경험을 공유해 주시고 객실 선택에 관한 유용한 팁을 제공해 주셔서 감사합니다. 앞으로도 다시 찾아뵙기를 기대하겠습니다.,"시간을 내어 경험을 공유해 주셔서 감사합니다. 멋진 숙박 경험을 하셨고 저희 서비스가 지속적으로 기대에 부응했다는 소식을 듣게 되어 기쁩니다. 저희를 다시 이용해 주셔서 진심으로 감사드립니다.

또한 객실 위치 선택에 대한 조언에 감사드립니다. 일부 고객님, 특히 1층에 투숙하시는 고객님들께서 식사 공간에서 발생하는 소음을 우려하실 수 있다는 점을 잘 알고 있습니다. 고객님의 의견을 반영하여 향후 예약 과정에서 이 부분을 더 잘 전달하여 고객이 선호도에 따라 현명한 결정을 내릴 수 있도록 노력하겠습니다.

소중한 의견을 보내주셔서 다시 한 번 감사드립니다. 향후에도 즐거운 숙박으로 다시 찾아뵙기를 기대하겠습니다.","소중한 고객님께,

시간을 내어 긍정적인 경험을 공유해 주셔서 대단히 감사합니다! 숙박이 훌륭했고 저희 서비스가 다시 한 번 기대에 부응했다는 소식을 듣게 되어 기쁩니다. 저희 숙소와 팀에 대한 고객님의 충성심과 지속적인 신뢰에 진심으로 감사드립니다.

또한 식사 공간 소음과 관련하여 객실 위치 선택에 대한 유용한 팁을 제공해 주셔서 감사합니다. 이와 같은 인사이트는 저희와 향후 게스트가 최상의 숙박을 제공하는 데 도움이 됩니다. 저희는 항상 개선할 수 있는 방법을 모색하고 있으며, 그 과정에서 여러분의 피드백은 매우 소중합니다.

기억에 남을 또 다른 숙박을 위해 다시 찾아뵙기를 기대합니다. 다음 방문 시 선호하는 사항이나 특별 요청 사항이 있으시면 주저하지 마시고 알려주시기 바랍니다. 최대한 즐겁고 편안한 경험을 하실 수 있도록 최선을 다하겠습니다.

따뜻한 안부 전해드립니다,
팀"
"더 클리프로의 짧은 여행에서 막 돌아왔습니다.  원래는 재충전이 많이 필요한 혼자 여행하려고 예약했지만 마지막 순간에 아들을 데리고 왔어요.  전반적으로 저희는 즐거운 시간을 보냈어요.  저희는 101호실에 머물렀는데 첫날은 전망에 완전히 실망했어요.  오션뷰를 예약했다고 생각했는데, 실제로는 (아주 아주) 멀리 보이는 바다와 동물들만 보였어요(사진 참조).  방은 편안했지만 기본적이었어요.  더 클리프를 돋보이게 하는 것은 직원들입니다.  모든 직원이 매우 친절하고 매우 도움이 되었어요.  마지막 날, 제 아들은 절벽에서 뛰어내리고 싶다고 했어요.  근무 중이던 안전 요원은 정말 도움이 많이 되었고 아들이 여러 번 뛰어내릴 수 있도록 바다에 남아서 침착하게 도와주었어요(저는 수영을 못해서 긴장하고 있었거든요).  제스트 레스토랑은 아침 식사로 좋았지만...",4,"Ncwashin6님께 - 저희 호텔을 이용해 주시고 리뷰를 남겨 주셔서 감사합니다. 기대에 부응하지 못한 점 사과드리며, 아드님과 함께 즐거운 시간을 보내셨다니 정말 기쁘게 생각합니다.  더 클리프 호텔 가족이 최선을 다하겠습니다.",Neutral,Disgust,Feedback,"최근 더 클리프에 투숙하신 후 보내주신 솔직한 피드백에 감사드립니다. 객실 전망에 실망하셨다니 정말 유감입니다. 예약하신 객실 유형과 관련하여 오해가 있었던 것 같으며, 이로 인해 불편을 드린 점에 대해 진심으로 사과드립니다. 그럼에도 불구하고 고객님과 아드님이 즐거운 시간을 보내셨고 저희 직원의 친절과 도움이 돋보였다고 말씀해 주셔서 기쁩니다. 시간을 내어 경험을 공유해 주시고 소중한 피드백을 제공해 주셔서 감사합니다. 다시 방문하실 때 원하시는 전망의 객실을 제공해 드릴 수 있는 기회가 있기를 바랍니다.","시간을 내어 더 클리프에서의 경험을 공유해 주셔서 감사합니다. 고객님과 아드님이 머무시는 동안 즐거운 시간을 보내셨다니 정말 기쁩니다. 저희 직원들이 친절하고 도움이 되는 서비스를 제공함으로써 방문에 큰 영향을 미쳤다니 정말 기쁩니다. 저희는 고객이 환영받고 지원받는다는 느낌을 받을 수 있도록 최선을 다하는 저희 팀의 헌신에 자부심을 느낍니다.

101호 객실 전망과 관련하여 혼란을 드린 점 사과드립니다. 특히 바다 전망을 기대하시는 고객님들께 객실 전망이 얼마나 중요한지 잘 알고 있습니다. 고객님의 의견을 반영하여 향후 실망스러운 일이 발생하지 않도록 예약 설명을 더욱 명확히 하도록 하겠습니다.

안전요원이 세심하고 안심할 수 있도록 도와주어 아드님이 절벽 점프의 스릴을 즐기면서도 안심할 수 있었다는 이야기를 들으니 마음이 따뜻해집니다. 이러한 순간이 고객님에게 긍정적인 영향을 미쳤다니 다행입니다.

제스트에서의 식사 경험에 관해서는 조식이 만족스러우셨다니 정말 기쁘게 생각합니다. 특별히 아쉬웠던 점이나 다른 식사에 대해 개선할 점이 있다면 의견을 보내주시면 감사하겠습니다. 여러분의 피드백은 더 나은 서비스를 제공하기 위해 노력하는 데 매우 소중합니다.

휴양지로 더 클리프를 선택해 주셔서 다시 한 번 감사드립니다. 향후에 다시 방문하실 때 기대에 완전히 부응하고 아름다운 바다 전망을 마음껏 즐길 수 있는 객실에서 다시 뵙기를 바랍니다.","게스트님께,

시간을 내어 더 클리프에서의 최근 숙박에 대한 피드백을 공유해 주셔서 감사합니다. 고객님과 아드님이 전반적으로 즐거운 시간을 보내셨고 직원들의 친절함과 도움이 돋보였다는 소식을 들으니 기쁘게 생각합니다. 저희 팀은 탁월한 서비스를 제공하는 데 자부심을 가지고 있으며, 고객님에게 긍정적인 영향을 미쳤다는 사실에 가슴이 벅찹니다.

101호실 전망에 대해 실망하신 점 이해합니다. 저희는 모든 고객의 기대에 부응하기 위해 노력하고 있으며, 객실 전망과 관련하여 오해를 불러일으킨 점에 대해 유감스럽게 생각합니다. 피드백은 소통과 서비스 개선에 큰 도움이 되므로 보내주신 의견에 감사드립니다. 향후 재방문 시 선호도에 맞는 객실을 선택하실 수 있도록 기꺼이 도와드리겠습니다.

아드님이 세심한 안전요원의 도움으로 즐거운 모험을 즐겼다니 정말 다행입니다. 안전과 고객 만족은 저희의 최우선 가치이며, 이번 액티비티를 통해 안심하고 즐기실 수 있게 되어 기쁘게 생각합니다.

제스트 레스토랑에 대해 여러 가지 의견이 있었다는 점에 주목합니다. 저희는 다양하고 만족스러운 식사 경험을 제공하기 위해 노력하고 있으며, 개선할 수 있는 방법에 대해 더 많은 의견을 듣고 싶습니다.

R&R 여행으로 더 클리프를 선택해 주셔서 다시 한 번 감사드립니다. 다시 찾아 뵙고 모든 면에서 기대 이상의 만족을 드릴 수 있는 기회가 되길 바랍니다.

따뜻한 안부 전해드립니다,
더 클리프 운영팀"
베드포드에 있는 이 호텔에서 훌륭한 경험을 했어요. 요청하지도 않았는데 방을 업그레이드해줬어요. 청결은 그들에게 최우선 순위임에 틀림없습니다. 프런트 데스크 직원도 친절하고 즐거웠습니다. 가격도 저렴했습니다.,4,"돌로레스 고객님, 업그레이드된 객실에서 즐거운 시간을 보내셨다니 정말 기쁘게 생각합니다.  청결은 저희의 최우선 과제 중 하나이며, 시간을 내어 저희의 노력을 인정해 주신 고객님께 감사의 말씀을 드립니다.  이러한 긍정적인 피드백은 매우 고무적이며 모든 고객의 기대를 뛰어넘기 위한 노력을 계속할 수 있도록 동기를 부여하는 데 큰 도움이 됩니다.    저희와 함께 해주셔서 감사합니다.  곧 다시 뵙기를 기대하겠습니다.  진심으로, 웬디 로그 퀄리티 인 베드포드",Positive,Happiness,Praise,베드포드에 있는 저희 호텔에서 훌륭한 경험을 하셨다니 정말 기쁩니다! 특히 예상치 못한 객실 업그레이드와 청결에 중점을 두는 등 쾌적한 숙박을 위한 저희의 노력이 고객님께 행복을 가져다주셨다니 정말 기쁩니다. 친절한 말씀과 함께 합리적인 가격으로 최고의 경험을 제공하려는 저희의 노력을 인정해 주셔서 감사합니다. 곧 다시 찾아뵙기를 기대하겠습니다!,"베드포드 호텔에서의 훌륭한 경험에 대해 듣게 되어 정말 기쁩니다! 예상치 못한 업그레이드를 받는 것은 언제나 기분 좋은 놀라움이며, 이는 고객 만족을 위한 호텔의 노력에 대해 많은 것을 말해줍니다. 청결은 편안하고 즐거운 숙박을 보장하는 데 중요한 역할을 하므로 이 분야에서 높은 기준을 유지하고 있다는 사실이 반갑습니다. 프런트 데스크 직원은 게스트의 경험을 형성하는 데 중요한 역할을 하므로 머무는 동안 도움이 되고 즐거웠다는 말을 들으면 정말 기쁩니다. 합리적인 가격과 훌륭한 서비스, 청결함이 어우러져 기억에 남는 숙박이 될 거예요. 이 호텔은 모든 조건을 충족하는 것 같네요! 베드포드를 다시 방문하게 된다면 이 호텔을 재방문하고 싶어요. 긍정적인 경험을 공유해 주셔서 감사합니다!","소중한 고객님께,

시간을 내어 베드포드 호텔에서의 긍정적인 경험을 공유해 주셔서 대단히 감사합니다. 무료 업그레이드가 만족스러우셨고 청결에 대한 저희의 노력이 만족스러우셨다는 소식을 들으니 정말 기쁩니다. 저희 팀은 친절하고 도움이 되는 서비스를 제공하기 위해 노력하고 있으며, 프론트 데스크 직원이 고객님께 좋은 인상을 남겼다니 정말 기쁩니다. 또한 저희의 가격이 합리적이었다고 말씀해 주셔서 기쁩니다.

고객님의 칭찬은 저희에게 큰 의미가 있으며, 모든 고객에게 계속해서 탁월한 서비스를 제공할 수 있는 원동력이 됩니다. 향후에 또 다른 훌륭한 숙박으로 다시 찾아 뵙기를 기대합니다.

따뜻한 안부 전해드립니다,
운영팀"
조슬린이 체크인을 해줬는데 수영장 파티가 열리고 있어서 일찍 체크인할 수 있어서 기뻤어요. 아이스 버킷을 추가로 요청했는데 문제없이 구할 수 있었어요. 저희 방은 수영장과 재결합 타워를 마주보고 있어서 불꽃놀이를 잘 볼 수 있었어요. 아래층 레스토랑에서 샴페인을 직접 가져올 수 있게 해줬어요. 타코 가게는 저희가 도착한 날 문을 닫았지만 0.5마일 정도 떨어진 곳에 바와 레스토랑이 있어 즐길 수 있었어요. 체크 아웃은 쉬웠고 저희 모두 즐거운 시간을 보냈으며 각 방의 모든 예술품과 디테일이 얼마나 멋진지 이야기하는 것을 멈출 수 없었습니다. 다시 머물고 싶어요.,4,생일에 멋진 시간을 보내셨다니 정말 기쁩니다!  저희와 함께 해주셔서 감사합니다!,Positive,Happiness,Sharing Experience,저희와 함께 긍정적인 경험을 하셨다니 정말 기쁩니다! 저희 숙소를 통해 행복을 느끼셨다니 정말 기쁩니다. 멋진 경험을 저희와 커뮤니티에 공유해 주셔서 감사합니다. 조슬린의 빠른 체크인부터 편의시설과 지역 명소의 즐거움에 이르기까지 자세한 피드백을 보내주셔서 대단히 감사합니다. 각 객실의 예술과 디테일이 숙박의 매력을 더했다니 기쁘게 생각합니다. 기억에 남을 또 다른 숙박을 위해 다시 찾아뵙기를 기대합니다. 다시 뵙고 싶습니다!,"시간을 내어 경험을 공유해 주셔서 정말 감사합니다! 조슬린이 얼리 체크인을 도와드리고 수영장 파티로 즐거운 시간을 보낼 수 있었다는 소식을 들으니 정말 기쁩니다. 아이스 버킷을 추가로 요청하셨을 때 저희 팀이 신속하게 대응해 주셨고, 객실에서 수영장과 리유니온 타워 근처의 불꽃놀이를 환상적으로 감상할 수 있었다고 하니 정말 기쁩니다.

방문 기간 동안 타코 레스토랑이 문을 닫아 아쉽긴 했지만, 개인 샴페인을 가져올 수 있도록 배려해 주신 레스토랑의 융통성을 높이 평가해 주셔서 기쁩니다. 인근의 바와 레스토랑을 둘러보고 즐길 수 있었던 것 같으니 정말 멋진 일입니다.

각 객실의 예술품과 디테일이 마음에 들었고, 숙박 후에도 오랫동안 이야기를 나눌 정도로 전반적인 경험이 긍정적이었다는 말을 들으니 저희도 큰 보람을 느낍니다. 저희는 모든 게스트에게 독특하고 기억에 남는 경험을 선사하는 것을 목표로 하고 있으며, 이번 방문으로 그 목표를 달성한 것 같습니다.

다음 번에도 다시 찾아주시길 기대하겠습니다. 저희를 선택해 주시고 친절하게 말씀해 주셔서 감사합니다. 저희 호텔과 주변 지역이 제공하는 더 많은 것을 즐길 수 있도록 다시 찾아뵙기를 고대합니다.","소중한 고객님께,

시간을 내어 긍정적인 경험을 공유해 주셔서 대단히 감사합니다! 조슬린이 조기 체크인을 도와드리고 저희 팀이 아이스 버킷 추가 요청에 신속하게 응대해 드렸다는 소식을 들으니 정말 기쁩니다. 객실에서 불꽃놀이를 감상하고 레스토랑에서 샴페인에 대해 융통성 있게 대처해 주셨다니 정말 다행입니다. 방문 기간 중 타코 레스토랑이 문을 닫았다는 점은 유감이지만, 근처에 다른 대체 레스토랑을 찾으셨다니 다행입니다.

각 객실의 독특한 예술품과 디테일에 대한 친절한 말씀에 진심으로 감사드리며, 이러한 요소들이 전반적인 숙박의 즐거움에 기여한 것 같아 기쁘게 생각합니다. 저희는 게스트에게 기억에 남는 경험을 선사하는 것을 목표로 하고 있으며, 이번 방문으로 그 목표를 달성한 것 같습니다.

또 다른 멋진 숙박으로 다시 찾아뵙기를 고대합니다. 향후 예약이나 다음 방문을 더욱 특별하게 만들어드릴 수 있는 방법이 있다면 언제든지 문의해 주시기 바랍니다.

따뜻한 안부 전해드립니다,
호텔 이름] 팀"
"쿠퍼스타운은 저와 남편의 첫 번째 방문이었고 두 번째 방문이었습니다. 이보다 더 좋은 숙소를 선택할 수 없었어요. 매우 긴 겨울을 보내는 완벽한 주말 휴양지였습니다. 저희는 열렬한 야구 팬이고 HOF를 보게 되어 매우 기뻤지만, 랜드마크 인에서 저희를 맞이해준 따뜻함과 환대 덕분에 더욱 기억에 남는 방문이 되었습니다.  이 아름다운 저택의 문을 들어서자마자 에이미가 저희를 맞이했고, 에이미는 곧바로 ""드림 샤워""와 자쿠지가 있는 더 큰 방으로 업그레이드해 준다고 말해주었습니다.  누가 뭐라고 하겠어요! 정말 놀라웠어요! 찬스 스위트룸은 기대 이상이었어요. 가구와 침구, '꿈의 욕실'은 따뜻하고 고급스러웠어요.    조식은 훌륭했습니다. 매력과 경험의 일부 ...",5,"안녕하세요, 카렌!  벌써 보고 싶어요! 여관과 쿠퍼스타운에 대한 좋은 말씀 감사합니다. 쿠퍼타운은 지금 아주 멋져 보입니다. 사방에 꽃과 나무가 피어나고 있어요! 메인 스트리트는 새로운 벽돌 보도, 새로운 벤치, 도시 정원도 만들어지고 있어요. 그리고 호수... 우리의 아름다운 호수... 국보급이라고 할 수 있죠.  곧 볼 수 있을 거예요!  따뜻한 안부, 로빈",Positive,Happiness,Sharing Experience,쿠퍼스타운에서의 첫 방문과 남편분의 두 번째 방문이 저희와의 숙박으로 더욱 특별해졌다는 소식을 듣게 되어 매우 기쁩니다. 따뜻함과 환대를 제공하려는 저희의 노력이 고객님의 행복에 기여했다는 사실에 큰 기쁨을 느낍니다. 시간을 내어 멋진 경험을 공유해 주셔서 감사합니다. 찬스 스위트와 조식 서비스가 얼마나 좋았는지 들으니 마음이 따뜻해집니다. 랜드마크 인에서 또 다른 기억에 남을 숙박을 위해 다시 뵙기를 고대합니다!,"랜드마크 인에서의 숙박으로 쿠퍼스타운 방문이 정말 즐거우셨던 것 같습니다! 숙박시설이 기대에 부응할 뿐만 아니라 기대 이상의 서비스를 제공한다는 소식은 언제나 반가운데요, 특히 이번 숙박처럼 따뜻한 환영과 예상치 못한 업그레이드를 받았다면 더더욱 반갑습니다. 찬스 스위트룸에 대한 설명에서 편안함과 고급스러움을 느낄 수 있어 야구 역사를 탐험하고 즐긴 하루를 보낸 후 완벽한 휴식처가 될 것입니다. ""꿈의 샤워""와 자쿠지에 대한 언급은 항상 좋은 보너스로 경험에 즐거움을 더합니다. 조식이 숙박의 전반적인 매력과 만족도에 기여하여 기억에 남는 주말 휴가를 마무리해 주셨다니 정말 감사한 일입니다. 고객님의 후기를 통해 쿠퍼스타운을 방문하는 모든 분들, 특히 아늑하고 친절한 숙소를 찾는 야구 팬들에게 랜드마크 인이 환상적인 선택임을 확실히 알 수 있었습니다. 경험을 공유해 주셔서 감사합니다!","소중한 고객 여러분,

시간을 내어 랜드마크 인에서의 즐거운 경험을 공유해 주셔서 정말 감사합니다! 쿠퍼스타운을 처음 방문하셨고 남편분의 두 번째 방문이 저희 호텔에서의 숙박으로 더욱 기억에 남는 추억이 되었다는 소식을 듣게 되어 기쁩니다. 두 분 모두 열렬한 야구 팬이시고 저희 호텔이 명예의 전당 방문의 흥분을 더해주셨다니 정말 기쁩니다.

특히 에이미의 따뜻한 환영과 찬스 스위트로의 깜짝 업그레이드가 주말 여행의 즐거움에 기여한 것 같아 기쁘게 생각합니다. 모든 게스트에게 고급스럽고 편안한 경험을 제공하는 것이 저희의 목표이며, 꿈의 샤워 시설과 자쿠지가 있는 스위트룸이 기대 이상으로 만족스러우셨던 것 같아 기쁘게 생각합니다.

조식과 랜드마크 인의 전반적인 매력에 대한 친절한 말씀은 저희에게 큰 의미가 있습니다. 저희는 고객 한 분 한 분께 독특하고 기억에 남는 경험을 선사하기 위해 노력하고 있으며, 고객님과 함께 성공했다는 사실에 가슴이 벅찹니다.

다음 야구 시즌이나 긴 겨울을 피하기 위해 다시 방문하실 수 있기를 기대합니다. 그때까지 최선을 다해 좋은 추억을 간직하시길 바랍니다.

따뜻한 안부 전해드립니다,

이름] [담당자
마케팅 매니저
랜드마크 인"
"이 숙소는 제 기대를 뛰어넘었어요.  빨간 눈 비행기를 타야 해서 너무 일찍 도착했지만 프런트 데스크의 스타브로스 직원이 매우 친절하게 맞아주었습니다.  그는 밤새 비행한 후 일찍 체크인할 수 있도록 예약된 객실을 변경해 주었고, 이는 정말 큰 축복이었습니다.  또한 많은 편의 시설을 알려주고 훌륭한 레스토랑을 추천해 주었습니다.  객실 자체도 훌륭했어요.  업무를 볼 수 있는 충분한 공간과 스낵과 음료를 보관할 수 있는 미니 냉장고가 있었습니다.  침대는 메리어트 호텔에서 기대하는 대로 매우 편안했습니다.  저는 다운타운의 멋진 전망과 함께 코너 룸을 사용했습니다.  이 호텔에는 지위가 있는 본보이 회원을 위한 멋진 이그제큐티브 라운지와 꽤 큰 체육관이 있다는 점을 지적할 가치가 있습니다.",5,멋진 댓글과 스타브로스를 특별히 응원해 주신 카일 B님께 감사드립니다! 다음번 오스틴 여행에서 다시 뵙기를 기대하겠습니다. 다음에 또 뵙겠습니다!,Positive,Happiness,Expressing Satisfaction,"저희와의 숙박이 기대 이상이었다는 소식을 들으니 정말 기쁩니다! 스타브로스의 따뜻한 환영과 도움이 머무는 동안 행복을 가져다주셨다니 정말 기쁩니다. 시간을 내어 저희 서비스와 편의시설에 만족감을 표현해 주셔서 감사합니다. 마음에 드는 객실을 찾으시고, 추천해 드린 레스토랑을 즐기시고, 저희가 제공하는 편의시설을 이용하셨다니 정말 기쁘게 생각합니다. 또 다른 특별한 경험을 위해 다시 찾아뵙기를 기대하겠습니다.","시간을 내어 저희 숙소에서의 경험을 공유해 주셔서 감사합니다. 숙박이 기대 이상이었다는 점과 프런트 데스크의 스타브로스 직원이 탁월한 서비스를 제공했다는 소식을 들으니 정말 기쁩니다. 이른 체크인을 도와드리고 레스토랑을 추천해 주셔서 더욱 즐거운 시간을 보내셨다니 정말 다행입니다.

또한 객실이 넓고 편안하며 필요한 모든 편의시설이 구비되어 있어 즐거운 시간을 보내셨다는 말씀도 기쁘게 생각합니다. 코너 룸에서 내려다보이는 시내 전망이 정말 멋지다고 하셨는데, 그 전망을 즐기셨다니 정말 기쁩니다.

본보이 등급 회원만 이용할 수 있는 이그제큐티브 라운지와 시설이 잘 갖춰진 체육관도 마음에 들어하셨다니 정말 다행입니다. 머무시는 동안 이러한 편의시설을 충분히 활용하셨기를 바랍니다.

본보이를 선택해 주시고 친절하게 말씀해 주셔서 다시 한 번 감사드립니다. 향후에 다시 저희 숙소를 방문해 또 다른 멋진 경험을 하실 수 있기를 기대합니다.","소중한 고객님께,

저희 호텔에서의 숙박이 기대 이상이었다는 소식을 듣게 되어 매우 기쁩니다! 프론트 데스크의 스타브로스가 고객님의 경험에 긍정적인 영향을 미쳤다니 정말 다행입니다. 저희 팀은 특히 장시간 비행을 마친 고객을 따뜻하게 맞이하고 고객의 요구를 수용하는 능력에 자부심을 가지고 있습니다. 얼리 체크인, 객실 편의시설, 식당 추천에 대한 친절한 말씀은 스타브로스와 다른 직원들에게 공유되었으며, 직원들 역시 기억에 남는 여행을 만들어 드린 것에 대해 기쁘게 생각합니다.

넓은 객실과 편안한 침대, 코너 룸에서 바라본 멋진 시내 전망을 즐기셨다니 정말 기쁘네요. 또한 이그제큐티브 라운지, 체육관 및 기타 본보이 등급 회원에게 제공되는 편의시설에 만족하셨다는 소식을 들으니 정말 기쁩니다.

저희 호텔을 선택해 주시고 시간을 내어 긍정적인 경험을 공유해 주셔서 감사합니다. 향후에 다시 저희 호텔을 방문해 또 다른 특별한 경험을 하실 수 있기를 기대합니다.

따뜻한 안부 전해드립니다,
메리어트 팀"
좋은 모든 순간이 놀랍도록 친절했습니다. YMCA 체육관 그것은 좋은 선택이었습니다 당신은 집에서 자신을 느낍니다. 정원이 너무 아름답습니다 . 우리는 장소와 사람들이 그리워요. 헤밍웨이 무덤을 방문 할 수있는 멋진 케첨 시미토리 근처에도 있습니다.                ,5,"고객님, 경험을 공유해 주셔서 감사합니다! YMCA 패스가 마음에 드셨다니 기쁘네요. 훌륭한 시설과 객실 요금에 포함된 훌륭한 추가 혜택입니다. 곧 다시 뵙기를 바랍니다.",Positive,Happiness,Praise,긍정적인 경험을 하셨다니 정말 기쁩니다! 모든 순간이 훌륭하고 친절했습니다. YMCA 체육관은 좋은 선택이었어요. 머무시는 동안 행복을 느끼셨다니 저희도 큰 기쁨을 느낍니다. 당신은 집에서 자신을 느낍니다. 정원이 너무 아름답습니다. 장소와 사람들이 그리워요. 친절한 말씀과 저희를 선택해 주셔서 감사합니다. 헤밍웨이 무덤을 방문 할 수있는 멋진 케첨 시미토리 근처에도 있습니다.,멋진 후기를 남겨주셔서 정말 감사합니다! YMCA 체육관에서 좋은 경험을 하셨고 집처럼 편안하게 느끼셨다니 정말 기쁩니다. 친근한 분위기와 아름다운 정원이 즐거움을 더해 주셨다니 정말 기쁩니다. 또한 인근의 케첨 묘지와 헤밍웨이의 무덤을 방문해 독특하고 기억에 남는 추억을 만드셨다니 정말 기쁩니다. 저희도 여러분을 그리워하며 곧 다시 뵙기를 기대합니다. 여러분의 친절한 말은 저희와 커뮤니티에 큰 힘이 됩니다. 저희를 선택해 주시고 경험을 공유해 주셔서 감사합니다!,"소중한 고객님께,

시간을 내어 긍정적인 경험을 공유해 주셔서 대단히 감사합니다. YMCA 체육관에서 보낸 모든 순간이 멋지고 친근하게 느껴져 집처럼 편안하게 느껴졌다고 말씀해 주셔서 기쁩니다. 아름다운 정원이 즐거움을 더하고 케첨 공동묘지와 가까워 헤밍웨이의 무덤에 의미 있는 방문을 할 수 있었다고 하니 마음이 따뜻해집니다.

친절한 말씀에 진심으로 감사드리며, 이곳과 사람들을 그리워해 주셔서 기쁘게 생각합니다. 고객님과 같은 피드백은 모든 고객님들께 계속해서 특별한 경험을 제공할 수 있는 원동력이 됩니다. 앞으로 더 기억에 남는 순간을 위해 다시 찾아 뵙기를 기대하겠습니다.

따뜻한 안부 전해드립니다,
YMCA 팀"
"푸에블라 여행을 계획하기 시작한 것은 푸에블라에 새로운 로즈우드 호텔이 문을 연다는 소식을 듣고 환상적일 거라는 확신이 들었기 때문이었어요. 온라인에 올라온 개장 전 기사를 모두 읽고 객실과 공용 공간의 모형을 살펴본 후 8월 멕시코 여행에 포함시키기로 결정했습니다.  도착하기도 전에 로즈우드의 시그니처 서비스가 시작되었습니다. 도착 전 상세하게 작성해야 하는 설문지가 있었고, 호텔을 통해 공항 교통편을 예약할 수 있었으며, 모든 질문에 대해 로즈우드 팀이 신속하고 효율적으로 답변해 주었습니다. 저는 버츄오소 네트워크 여행사를 통해 객실을 예약했는데, 매일 조식 제공과 객실 등급 업그레이드가 포함된 특전이 있었습니다.  도착이 가까워지자 저는...",5,"Kodachrome_Dreams님께, 푸에블라 중심부에 위치한 역사적인 로즈우드 호텔에서 경험하신 서비스에 대한 따뜻한 관심과 열정을 공유해 주셔서 진심으로 감사드립니다.  모든 고객이 만족스럽게 호텔을 떠나실 수 있도록 최선을 다하겠다는 약속을 말씀드리고 싶습니다. 수영장 운영 서비스 및 하우스키핑 서비스 개선과 관련하여 늦은 체크아웃 객실에 대한 고객님의 의견을 검토했습니다. 고객님께서 주신 의견을 해당 지역 책임자와 공유했으며 이러한 일이 재발하지 않도록 관련 조치를 취했습니다.   가까운 시일 내에 다시 한 번 좋은 서비스를 제공할 수 있는 기회를 주시면 감사하겠습니다.   진심으로, 마누엘 레알 매니징 디렉터",Positive,Happiness,Sharing Experience,푸에블라 로즈우드 호텔에 대한 기대감이 방문 결정에 중요한 역할을 했다는 소식을 들으니 정말 기쁩니다! 도착 전 서비스와 로즈우드 팀의 신속한 대응이 고객님들의 행복에 기여했다는 사실에 큰 기쁨을 느낍니다. 경험을 저희와 커뮤니티에 공유해 주셔서 감사합니다. 도착 전 과정과 버츄오소 네트워크 여행사를 통한 예약의 혜택에 대한 자세한 설명은 매우 귀중한 정보입니다. 가까운 시일 내에 다시 만나 뵙기를 기대합니다!,"푸에블라의 로즈우드 호텔에 대한 긍정적인 경험을 처음부터 들으셨다니 정말 기쁩니다! 세부 사항에 대한 세심한 배려와 고객 서비스가 도착하기 훨씬 전부터 시작되어 숙박에 대한 높은 기준을 세운 것 같습니다. 도착 전 설문지와 호텔을 통해 직접 공항 교통편을 예약할 수 있는 서비스는 여행에 대한 기대감과 편안함을 더해주는 훌륭한 서비스입니다. 버츄오소 네트워크 여행사를 통해 숙박을 예약한 것은 현명한 선택이었으며, 특히 일일 조식 및 객실 카테고리 업그레이드 혜택이 추가되어 더욱 만족스러운 경험을 할 수 있었습니다.

탁월한 서비스와 럭셔리 숙박시설로 유명한 로즈우드의 명성이 푸에블라를 방문하기로 결정하시는 데 중요한 역할을 하셨고, 그 명성에 걸맞은 경험을 하신 것 같네요. 실제 호텔에서의 숙박에 대해 자세히 듣고 싶어요. 온라인에서 본 객실과 공용 공간의 모형과 실제 모습은 어땠나요? 머무는 동안 로즈우드의 시그니처 서비스를 잘 보여주는 눈에 띄는 경험이 있었나요? 푸에블라에서의 전반적인 휴가 경험과 호텔이 어떻게 조화를 이루었나요?

푸에블라의 로즈우드 호텔에 투숙을 고려하고 있는 미래의 여행객들에게 여러분의 리뷰는 매우 귀중한 정보이며, 추가 정보나 추천 사항을 알려주시면 감사하겠습니다. 도착 전 경험을 공유해 주셔서 감사드리며, 숙박에 대한 더 많은 이야기를 듣고 싶습니다!","소중한 고객님께,

시간을 내어 긍정적인 경험을 공유해 주셔서 대단히 감사합니다! 푸에블라의 새로운 로즈우드 호텔에 대한 기대감이 이 아름다운 도시를 방문하기로 결정하시는 데 중요한 역할을 하셨다는 소식을 들으니 정말 기쁩니다. 상세한 설문지, 공항 교통편 준비, 직원들의 신속한 답변 등 도착 전 서비스가 도착 전부터 고객님의 기대와 만족에 기여했다는 사실을 알게 되어 기쁩니다.

또한 버츄오소 네트워크 여행사를 통해 매일 제공되는 조식 및 객실 카테고리 업그레이드 등의 혜택을 누리실 수 있었다는 점도 기쁘게 생각합니다. 계획 단계부터 출발까지 여행의 모든 과정이 원활하고 즐겁게 진행될 수 있도록 최선을 다하는 것이 저희의 목표입니다.

푸에블라 및 로즈우드 호텔에서의 경험이 기대 이상으로 만족스러우시길 바랍니다. 더 나은 방문을 위해 도와드릴 일이 있으면 언제든지 연락 주시기 바랍니다.

따뜻한 안부 전해드립니다,
로즈우드 푸에블라 팀"
세르히오는 환상적이었어요! 그는 제 물건을 제 방에서 차까지 가져다주는 데 큰 도움을 주었고 매우 간단하고 쉽게 해줬어요!!! 훌륭한 성격. 제 차와 방에 있는 물건들을 잘 관리해 주셨어요. 아무 문제 없이 빠르게 체크인과 체크아웃을 할 수 있었어요.,5,"멜리사 씨, 멋진 후기를 남겨 주셔서 감사합니다! 저희 발렛 팀에서 경험하신 고객 서비스에 대해 들으니 정말 기쁩니다. 그랜드 공연자 중 한 명에 대해서도 직접 언급해 주셔서 감사합니다. 세르히오는 그랜드 보헤미안 팀의 진정한 자산입니다. 저희와 함께한 남은 시간이 영감으로 가득했으리라 믿으며, 다음 기회에 다시 찾아 뵐 수 있기를 기대합니다.",Positive,Happiness,Praise,긍정적인 경험에 대해 들으셨다니 정말 기쁩니다! 세르히오의 도움으로 행복을 느끼셨다니 정말 다행입니다. 시간을 내어 세르히오의 훌륭한 서비스에 대한 칭찬을 공유해 주셔서 감사합니다. 고객 만족을 위해 최선을 다하는 세르히오와 같은 팀원이 있다는 것이 자랑스럽습니다. 곧 다시 찾아뵙기를 기대하겠습니다!,멋진 후기를 남겨주셔서 정말 감사합니다! 세르지오가 매끄럽고 번거로움 없는 경험을 할 수 있도록 환상적인 서비스를 제공했다는 소식을 들으니 정말 기쁩니다. 고객님의 물품과 차량 모두를 잘 관리해 주신 그의 헌신적인 노력과 훌륭한 성품은 탁월한 고객 서비스를 제공하고자 하는 저희의 노력을 진정으로 반영한 것입니다. 고객님의 친절한 말씀을 세르히우와 다른 팀원들에게 잘 전달하겠습니다. 다음 번에도 원활하고 즐거운 방문이 될 수 있도록 최선을 다하겠습니다. 저희를 선택해 주셔서 감사합니다!,"소중한 고객님께,

시간을 내어 긍정적인 경험을 공유해 주셔서 대단히 감사합니다! 세르지오가 고객님의 숙박을 더욱 편안하고 편리하게 만들어 주셨다니 정말 기쁘게 생각합니다. 탁월한 서비스를 제공하고 고객의 요구를 세심하게 배려하는 그의 헌신은 정말 칭찬할 만합니다. 고객님의 친절한 말씀은 세르히오와 다른 직원들에게도 큰 동기부여가 될 수 있도록 전달해드리겠습니다.

저희와 함께하는 동안 불편함 없이 즐거운 시간을 보내시고 모든 것이 순조롭게 진행되어 기쁘게 생각합니다. 저희 팀은 모든 게스트가 기억에 남는 숙박을 할 수 있도록 최선을 다하고 있으며, 이를 달성할 수 있었다니 정말 기쁩니다.

다시 한 번 칭찬해 주셔서 감사합니다. 가까운 시일 내에 또 다른 원활한 경험을 위해 다시 찾아뵙기를 기대합니다.

따뜻한 안부 전해드립니다,
고객 서비스 팀"
